,testId,instanceId,size,isEmpty,peek,peek_obj_type,calledMethod,pushInput,diff,size_p,isEmpty_p,peek_p,peek_obj_type_p,calledMethod_p,pushInput_p
3,1604914632859:1fda15e4-5079-4332-b5d3-b7137ab6be18,1604914632859:f2c33e25-776c-41fa-aa5f-a6fc0ac82824,0,True,EmptyObject,EmptyObject,clear,none,No,0,True,EmptyObject,EmptyObject,CTOR,none
9,1604914632858:6b638b7c-897f-4320-ad55-e6c48d1e90be,1604914632858:993ac97b-35d3-407a-9b66-82c93d11b139,0,True,EmptyObject,EmptyObject,clear,none,No,0,True,EmptyObject,EmptyObject,CTOR,none
11,1604914632858:5eff59e2-d9b3-487a-9e01-950635db7e8f,1604914632858:d5192df3-b068-4f70-8549-5faad59d9896,0,True,EmptyObject,EmptyObject,clear,none,No,0,True,EmptyObject,EmptyObject,CTOR,none
18,1604914632857:820ce040-3b9e-46bc-a44f-051ecab2cacf,1604914632857:662d7dc0-5fa5-4d06-bb24-61252e5ab7f7,0,True,EmptyObject,EmptyObject,clear,none,No,0,True,EmptyObject,EmptyObject,CTOR,none
20,1604914632857:512b9116-4f88-4a53-893b-a678ec069d06,1604914632857:7685b1a6-24c9-44a7-8e86-b3903fdf75b7,0,True,EmptyObject,EmptyObject,clear,none,No,0,True,EmptyObject,EmptyObject,CTOR,none
31,1604914632853:67781c69-7a4a-420c-9af4-fb34c72ebd3a,1604914632853:10f6324b-bac7-4dc8-87bf-483057bc2ff5,0,True,EmptyObject,EmptyObject,clear,none,No,0,True,EmptyObject,EmptyObject,CTOR,none
33,1604914632853:394296e8-6dfe-4aef-9d01-77b79d007729,1604914632853:62cc5bac-108b-4fdd-bdcf-92760203ece8,0,True,EmptyObject,EmptyObject,clear,none,No,0,True,EmptyObject,EmptyObject,CTOR,none
39,1604914632852:667b0d00-4a74-4e1c-ac37-412b3b94f149,1604914632852:20f6d6d8-8e2b-4ac9-b668-2a126ca3b133,0,True,EmptyObject,EmptyObject,clear,none,No,0,True,EmptyObject,EmptyObject,CTOR,none
44,1604914632852:4744bacf-9af6-4b99-b09a-a00ab44dd170,1604914632852:e62c82a3-32e9-46ea-bf51-09403c980741,0,True,EmptyObject,EmptyObject,clear,none,No,0,True,EmptyObject,EmptyObject,CTOR,none
50,1604914632851:428af679-7f2e-4f62-a798-cafbebbb79aa,1604914632851:0bc319f4-da49-4e11-b688-7a6a472bcfdc,0,True,EmptyObject,EmptyObject,clear,none,No,0,True,EmptyObject,EmptyObject,CTOR,none
55,1604914632850:0e2141f8-05f7-40d5-b395-6fa2e48cb0bc,1604914632850:1e94aaeb-fd83-4e0a-bb62-f58339fb31ba,0,True,EmptyObject,EmptyObject,clear,none,No,0,True,EmptyObject,EmptyObject,CTOR,none
62,1604914632844:8f516070-6af4-4137-ba22-14c825b8ed5d,1604914632844:392122aa-efa7-49ca-8f35-0e6977c38350,0,True,EmptyObject,EmptyObject,clear,none,No,0,True,EmptyObject,EmptyObject,CTOR,none
70,1604914632843:ab31d51f-57ad-4322-b32f-b5456942d14a,1604914632843:01e80eb1-d188-486c-ba16-8243779cffcf,0,True,EmptyObject,EmptyObject,clear,none,No,0,True,EmptyObject,EmptyObject,CTOR,none
74,1604914632843:74303c34-2c6b-4177-91bd-6b011e1d6922,1604914632843:eb5396c0-7789-48cb-8f2e-e751ab4d210a,0,True,EmptyObject,EmptyObject,clear,none,No,0,True,EmptyObject,EmptyObject,CTOR,none
86,1604914632841:bff79f80-b219-4c2c-ab8e-d884062e1524,1604914632841:cdd021d4-591f-417c-b7f0-f0135e64d71d,0,True,EmptyObject,EmptyObject,clear,none,No,0,True,EmptyObject,EmptyObject,CTOR,none
89,1604914632841:b211c9ce-6eee-4cc0-8c64-dbe8d550562e,1604914632841:f4e50fb3-7fa3-40ca-8267-08007fa92b3d,0,True,EmptyObject,EmptyObject,clear,none,No,0,True,EmptyObject,EmptyObject,CTOR,none
97,1604914632840:6d99dc10-1c68-40b7-9f7e-eb72978c4cbe,1604914632840:5c65c460-27ae-4a16-a8a8-58e9ad2fa552,0,True,EmptyObject,EmptyObject,clear,none,No,0,True,EmptyObject,EmptyObject,CTOR,none
104,1604914632839:c21390ce-ecf6-4723-94f6-409202339dbc,1604914632839:bf1967de-0ba7-46a4-ae4a-7f802ef1a300,0,True,EmptyObject,EmptyObject,clear,none,No,0,True,EmptyObject,EmptyObject,CTOR,none
115,1604914632837:0825bd26-0df2-4e4a-942e-d4b2f52ad65d,1604914632837:a140465b-98a9-4952-912d-f0f4b42fb91c,0,True,EmptyObject,EmptyObject,clear,none,No,0,True,EmptyObject,EmptyObject,CTOR,none
119,1604914632836:681852b8-a409-46d6-9014-0418217a6e63,1604914632836:b525c9d7-2e08-4178-a47f-644af5009d96,0,True,EmptyObject,EmptyObject,clear,none,No,0,True,EmptyObject,EmptyObject,CTOR,none
122,1604914632836:18227b5a-871a-4a61-95d0-e99495ad6df4,1604914632836:ee9de277-f8a3-4c48-8702-712665d1719c,0,True,EmptyObject,EmptyObject,clear,none,No,0,True,EmptyObject,EmptyObject,CTOR,none
124,1604914632835:19da24a6-c260-4b73-a75a-818c68050501,1604914632835:c9ab31be-1180-4f5b-b721-81f4da2ff0f0,0,True,EmptyObject,EmptyObject,clear,none,No,0,True,EmptyObject,EmptyObject,CTOR,none
127,1604914632822:08655c80-217d-482a-8c2e-42b89c3b183c,1604914632822:d5792572-c71e-4ee4-b85c-e3a674b9dc5f,0,True,EmptyObject,EmptyObject,clear,none,No,0,True,EmptyObject,EmptyObject,CTOR,none
130,1604914632821:d9330bec-b805-4b00-8767-0728a95bb012,1604914632821:08574ca9-39e2-47d5-b715-086bdd1f7b43,0,True,EmptyObject,EmptyObject,clear,none,No,0,True,EmptyObject,EmptyObject,CTOR,none
132,1604914632821:0d5eae4c-4ccd-4f07-bfe8-7601bc2f4335,1604914632822:818719f3-4f16-493f-b6b8-44a1881bc748,0,True,EmptyObject,EmptyObject,clear,none,No,0,True,EmptyObject,EmptyObject,CTOR,none
135,1604914632820:a87cc1a6-93b6-48dc-a512-8a03eada0e50,1604914632820:88b871ef-87d7-49c2-beff-5c4025f0102c,0,True,EmptyObject,EmptyObject,clear,none,No,0,True,EmptyObject,EmptyObject,CTOR,none
137,1604914632820:23bd4fde-5a3f-45fc-8bb4-5942031575a7,1604914632820:b28f0326-eb7f-44ad-bfa6-f26b343974d5,0,True,EmptyObject,EmptyObject,clear,none,No,0,True,EmptyObject,EmptyObject,CTOR,none
140,1604914632819:5bbbb80d-8098-42dd-b42e-46bd180afdc7,1604914632819:328aa067-3755-43ab-b657-aef85686a864,0,True,EmptyObject,EmptyObject,clear,none,No,0,True,EmptyObject,EmptyObject,CTOR,none
153,1604914632817:c3a1a987-32ba-4543-8140-402087a94bcd,1604914632817:6e31e7d3-c531-416e-86ea-4da04b86f132,0,True,EmptyObject,EmptyObject,clear,none,No,0,True,EmptyObject,EmptyObject,CTOR,none
158,1604914632817:0db37857-9dae-41c7-ae8b-d5b94d4d6222,1604914632817:5c3a10db-b833-4a91-9901-9fe41bf9fb45,0,True,EmptyObject,EmptyObject,clear,none,No,0,True,EmptyObject,EmptyObject,CTOR,none
161,1604914632816:78d63108-45a7-4b71-96f5-b397d5065ce2,1604914632816:f4e20e7a-608a-4ce2-b573-2a204dac4f13,0,True,EmptyObject,EmptyObject,clear,none,No,0,True,EmptyObject,EmptyObject,CTOR,none
164,1604914632816:41b7545c-40a5-487c-82b1-550ed09a71c5,1604914632816:1177f7ba-172d-429c-bde5-0ae7f7c906e2,0,True,EmptyObject,EmptyObject,clear,none,No,0,True,EmptyObject,EmptyObject,CTOR,none
166,1604914632816:054ef4f4-6c5a-46aa-b62e-d593705a4bbd,1604914632816:44f00587-3561-4678-a6b1-74311de4c2f8,0,True,EmptyObject,EmptyObject,clear,none,No,0,True,EmptyObject,EmptyObject,CTOR,none
170,1604914632815:c7443fbc-824a-4346-acf8-d6298dbf3a7b,1604914632815:ae0e92b4-1af6-4018-b882-a47512a16cc5,0,True,EmptyObject,EmptyObject,clear,none,No,0,True,EmptyObject,EmptyObject,CTOR,none
173,1604914632814:f8540c6e-37e4-41a5-9582-790054beb788,1604914632815:f7e2fda2-bcf4-4761-b767-1db814edfe4e,0,True,EmptyObject,EmptyObject,clear,none,No,0,True,EmptyObject,EmptyObject,CTOR,none
181,1604914632813:75260bc7-ae1a-4471-9917-4d4e1526e4b8,1604914632813:3c0244b4-e077-4ab7-8a0a-d7e5a54f849e,0,True,EmptyObject,EmptyObject,clear,none,No,0,True,EmptyObject,EmptyObject,CTOR,none
186,1604914632812:1869d033-9857-4b84-88b0-596c024d8b24,1604914632812:cafd32b5-de76-4df2-96f4-c0725598c249,0,True,EmptyObject,EmptyObject,clear,none,No,0,True,EmptyObject,EmptyObject,CTOR,none
188,1604914632812:17803832-49da-4f7d-ac2e-755c978a1974,1604914632812:b809486b-5a6b-4381-b7e5-c46ce3855abb,0,True,EmptyObject,EmptyObject,clear,none,No,0,True,EmptyObject,EmptyObject,CTOR,none
191,1604914632811:233d848f-1767-4d8b-b315-8f843c5d0426,1604914632811:4f5db580-b1ab-4ace-a9ff-15d99e75a82b,0,True,EmptyObject,EmptyObject,clear,none,No,0,True,EmptyObject,EmptyObject,CTOR,none
193,1604914632809:24b99a2a-f6d4-4bfb-a44e-ad0d6ae866ae,1604914632810:93634f63-3b32-4036-b869-eab773a03f67,0,True,EmptyObject,EmptyObject,clear,none,No,0,True,EmptyObject,EmptyObject,CTOR,none
195,1604914632806:f2b1a542-2499-4377-aae8-d7de4daa2d37,1604914632806:3296547a-15c2-48f9-b138-b070d5e3eb1c,0,True,EmptyObject,EmptyObject,clear,none,No,0,True,EmptyObject,EmptyObject,CTOR,none
200,1604914632805:14dbe056-23af-4add-b212-38546a09171b,1604914632805:6768975d-0dda-41c4-8a9f-dc91177da899,0,True,EmptyObject,EmptyObject,clear,none,No,0,True,EmptyObject,EmptyObject,CTOR,none
203,1604914632804:87c07626-da32-488d-b6b9-ba293295a25c,1604914632804:00a372ea-4f8a-4c4c-b582-50bf603183c2,0,True,EmptyObject,EmptyObject,clear,none,No,0,True,EmptyObject,EmptyObject,CTOR,none
205,1604914632804:4be1d445-d06e-44cc-8fc6-0e2376503a7e,1604914632804:f21cb634-ad16-455b-a47b-a37b8f3a8282,0,True,EmptyObject,EmptyObject,clear,none,No,0,True,EmptyObject,EmptyObject,CTOR,none
219,1604914632800:899f9f54-b396-4d29-9ed4-e02a23cccac1,1604914632800:c63aaa2c-52d9-431b-92f9-2c3bbbb142e5,0,True,EmptyObject,EmptyObject,clear,none,No,0,True,EmptyObject,EmptyObject,CTOR,none
222,1604914632799:5cc9955a-ae65-4314-9afe-0a43a0f0a12a,1604914632799:3b841a6a-49b1-45eb-84df-a73f07eb5204,0,True,EmptyObject,EmptyObject,clear,none,No,0,True,EmptyObject,EmptyObject,CTOR,none
227,1604914632797:6b94f9c3-b7e0-4b16-b5bd-02abb3d427e4,1604914632797:f4c57de6-79a7-416b-9e00-35c5692f77e5,0,True,EmptyObject,EmptyObject,clear,none,No,0,True,EmptyObject,EmptyObject,CTOR,none
230,1604914632796:e20287f6-0187-42d9-8b41-fc5ddd4ca26f,1604914632796:2739cf90-6bb1-4098-a7f9-76735c28390e,0,True,EmptyObject,EmptyObject,clear,none,No,0,True,EmptyObject,EmptyObject,CTOR,none
232,1604914632796:79c66946-e37c-4586-8226-3f86efde1f68,1604914632796:82bec401-bff6-4b95-a58d-98378cfb0b89,0,True,EmptyObject,EmptyObject,clear,none,No,0,True,EmptyObject,EmptyObject,CTOR,none
237,1604914632795:68364ea8-0c1e-46fc-8552-bec8b0e86697,1604914632795:f6ec51fd-6ded-461f-9ed8-4bbec4c44228,0,True,EmptyObject,EmptyObject,clear,none,No,0,True,EmptyObject,EmptyObject,CTOR,none
238,1604914632795:68364ea8-0c1e-46fc-8552-bec8b0e86697,1604914632795:f6ec51fd-6ded-461f-9ed8-4bbec4c44228,0,True,EmptyObject,EmptyObject,clear,none,No,0,True,EmptyObject,EmptyObject,clear,none
239,1604914632795:68364ea8-0c1e-46fc-8552-bec8b0e86697,1604914632795:f6ec51fd-6ded-461f-9ed8-4bbec4c44228,0,True,EmptyObject,EmptyObject,clear,none,No,0,True,EmptyObject,EmptyObject,clear,none
241,1604914632795:68364ea8-0c1e-46fc-8552-bec8b0e86697,1604914632795:da539a4b-a6e1-4542-a105-1bb0919e6398,0,True,EmptyObject,EmptyObject,clear,none,No,0,True,EmptyObject,EmptyObject,CTOR,none
246,1604914632791:cb05c7c1-c4b7-4f5b-b939-1e5c63c38b74,1604914632791:f71228c1-f5e5-474a-9535-b995409d96ed,0,True,EmptyObject,EmptyObject,clear,none,No,0,True,EmptyObject,EmptyObject,CTOR,none
248,1604914632791:ab0124a1-341b-4fa2-8a71-bd524f37f807,1604914632791:2c31483c-76ff-4f0e-be6d-ab09783f535c,0,True,EmptyObject,EmptyObject,clear,none,No,0,True,EmptyObject,EmptyObject,CTOR,none
250,1604914632791:9a1dfdc6-7d91-4970-9339-b0d1f573c542,1604914632791:e01ea3dd-05bc-42cb-988b-4da5514610f1,0,True,EmptyObject,EmptyObject,clear,none,No,0,True,EmptyObject,EmptyObject,CTOR,none
258,1604914632790:c25c136c-7069-4da5-bbe0-7bbf9c864c3e,1604914632790:7dbc235a-3d01-4023-a74c-6264137d22a6,0,True,EmptyObject,EmptyObject,clear,none,No,0,True,EmptyObject,EmptyObject,CTOR,none
263,1604914632790:89cc41ab-9215-43d9-8834-df1a3cbe8508,1604914632790:fa47d450-397a-4f6f-b5de-72c7430d3872,0,True,EmptyObject,EmptyObject,clear,none,No,0,True,EmptyObject,EmptyObject,CTOR,none
270,1604914632789:e2fc088c-39e8-4136-99a5-0a0e9967421c,1604914632789:cb71d616-de4a-4451-a90c-6ed5ace63238,0,True,EmptyObject,EmptyObject,clear,none,No,0,True,EmptyObject,EmptyObject,CTOR,none
273,1604914632789:99eb80f7-fbee-45f1-8d65-f73c09d4731c,1604914632789:5a3cac7d-258a-4181-8aa7-22c56472a5f6,0,True,EmptyObject,EmptyObject,clear,none,No,0,True,EmptyObject,EmptyObject,CTOR,none
280,1604914632788:2910bb22-2c51-496f-a70b-c81e9ed76d1e,1604914632788:464b4d0c-2cd7-41ae-96f7-d62603b8268e,0,True,EmptyObject,EmptyObject,clear,none,No,0,True,EmptyObject,EmptyObject,CTOR,none
283,1604914632787:b38f5780-bfdb-4923-938a-961b57709d46,1604914632787:aaf093e2-f109-4b18-a8b8-b4a0a99a7cc0,0,True,EmptyObject,EmptyObject,clear,none,No,0,True,EmptyObject,EmptyObject,CTOR,none
291,1604914632786:cb004cb5-c35d-4c2f-8c14-a47077709e45,1604914632786:09fff449-fb19-4753-9f97-b88010c32e7b,0,True,EmptyObject,EmptyObject,clear,none,No,0,True,EmptyObject,EmptyObject,CTOR,none
293,1604914632786:a583f516-4240-45a0-b22b-4c6e1ab796c7,1604914632786:7679f1c3-c257-4804-9f47-1481c73d9b2b,0,True,EmptyObject,EmptyObject,clear,none,No,0,True,EmptyObject,EmptyObject,CTOR,none
296,1604914632786:60af5d87-2187-418d-9684-c68fa1f3dc6a,1604914632786:f5725dba-1c9f-41d7-b73a-a9774014ef90,0,True,EmptyObject,EmptyObject,clear,none,No,0,True,EmptyObject,EmptyObject,CTOR,none
299,1604914632786:270ead38-7be4-44af-b080-c9acd45676d8,1604914632786:8448253c-c174-4fc1-ad0a-66bf9e2846d9,0,True,EmptyObject,EmptyObject,clear,none,No,0,True,EmptyObject,EmptyObject,CTOR,none
307,1604914632784:f802afac-f4dd-424b-943a-83a88c61fbf5,1604914632784:9361ef25-d74e-499d-8b5b-dc82de342c20,0,True,EmptyObject,EmptyObject,clear,none,No,0,True,EmptyObject,EmptyObject,CTOR,none
309,1604914632784:b5fdb3b1-d265-41e2-a77b-53425a7f379e,1604914632784:f0e7aa72-d4bf-49e0-b566-953f0d43d18c,0,True,EmptyObject,EmptyObject,clear,none,No,0,True,EmptyObject,EmptyObject,CTOR,none
315,1604914632784:30b415e5-6ee5-437f-862a-d4f574b95fa5,1604914632784:73bafa51-58ac-4b13-b8b2-74bbddfc1921,0,True,EmptyObject,EmptyObject,clear,none,No,0,True,EmptyObject,EmptyObject,CTOR,none
329,1604914632776:6839c0dd-7fb1-49cd-8377-4cd24e6c97b3,1604914632776:233bfea2-aa8c-495d-b097-5679f1a92371,0,True,EmptyObject,EmptyObject,clear,none,No,0,True,EmptyObject,EmptyObject,CTOR,none
334,1604914632776:47d4fb41-8281-4dac-b948-8d372b7f8272,1604914632776:432cb305-a79f-4795-9366-e27cb7b3a6de,0,True,EmptyObject,EmptyObject,clear,none,No,0,True,EmptyObject,EmptyObject,CTOR,none
337,1604914632775:df1bc8a2-9895-4a75-ba9a-f6b675ad86a3,1604914632775:0b46f199-d99f-4768-b18d-02de5495ce5d,0,True,EmptyObject,EmptyObject,clear,none,No,0,True,EmptyObject,EmptyObject,CTOR,none
339,1604914632775:be0a7b92-a2ff-4a51-886a-6918dd3dcc4f,1604914632775:e847853e-7572-4fd1-b066-2ed3f730ec97,0,True,EmptyObject,EmptyObject,clear,none,No,0,True,EmptyObject,EmptyObject,CTOR,none
341,1604914632775:a9bf47f8-0eba-4d7a-9c32-b75e2260460e,1604914632775:b5004305-e68d-4766-acfe-03434ee2117e,0,True,EmptyObject,EmptyObject,clear,none,No,0,True,EmptyObject,EmptyObject,CTOR,none
344,1604914632775:1ce418a2-eafb-42e1-90da-03884f69f4ca,1604914632775:4b7cc060-a841-48b5-b1db-4d99bb51b3b6,0,True,EmptyObject,EmptyObject,clear,none,No,0,True,EmptyObject,EmptyObject,CTOR,none
346,1604914632774:c741c0b1-14f3-41be-984b-45b3606ab62d,1604914632774:27f39ff2-f27d-44f7-b58b-7306abc97001,0,True,EmptyObject,EmptyObject,clear,none,No,0,True,EmptyObject,EmptyObject,CTOR,none
350,1604914632774:30c1fe48-a44b-481b-9437-91ab9c5723a8,1604914632774:366f0240-2855-4e49-8a0a-30d2dd08bf59,0,True,EmptyObject,EmptyObject,clear,none,No,0,True,EmptyObject,EmptyObject,CTOR,none
357,1604914632773:64dfebe4-2d39-400b-a768-e5621469e2f1,1604914632773:e70e2f9c-6f78-4e4f-9f58-f34d8f873e5c,0,True,EmptyObject,EmptyObject,clear,none,No,0,True,EmptyObject,EmptyObject,CTOR,none
362,1604914632772:f9654fa7-2060-467b-94b1-554c9dd2f077,1604914632772:e7359ec1-3188-449c-a832-149b709f1acc,0,True,EmptyObject,EmptyObject,clear,none,No,0,True,EmptyObject,EmptyObject,CTOR,none
366,1604914632772:afca05c4-70f9-4cc7-8bbc-713ccf313e7c,1604914632772:ec88c59c-00fa-4894-8322-942461053581,0,True,EmptyObject,EmptyObject,clear,none,No,0,True,EmptyObject,EmptyObject,CTOR,none
369,1604914632771:f6ff24d7-1d27-4710-ae6a-aae54058ca9a,1604914632771:ddde119d-4fc7-4363-aedc-413d32c6d88c,0,True,EmptyObject,EmptyObject,clear,none,No,0,True,EmptyObject,EmptyObject,CTOR,none
372,1604914632771:dfa5ba85-fb3d-4da0-b05f-b1b7c7c15976,1604914632771:9aacd4ee-df0a-4d84-b53f-fb6836bb9bd1,0,True,EmptyObject,EmptyObject,clear,none,No,0,True,EmptyObject,EmptyObject,CTOR,none
376,1604914632770:f5dba8be-97e0-4ac6-ba91-e7f9a77a1a69,1604914632770:5f6d1a7e-c459-4fc4-9e6b-71ca3459ec61,0,True,EmptyObject,EmptyObject,clear,none,No,0,True,EmptyObject,EmptyObject,CTOR,none
387,1604914632769:0e15ffe4-261f-49a3-bff9-7226ae4af757,1604914632769:b675ae03-89a8-4666-b525-96088aac54a5,0,True,EmptyObject,EmptyObject,clear,none,No,0,True,EmptyObject,EmptyObject,CTOR,none
393,1604914632767:1dfc45cf-4b2d-4a45-b0c6-9dabd9ab73e7,1604914632767:f930f153-9f46-4b5f-85af-b73bd01daee3,0,True,EmptyObject,EmptyObject,clear,none,No,0,True,EmptyObject,EmptyObject,CTOR,none
395,1604914632766:d201dff1-bf80-42cb-aaab-5a6c4f5b9893,1604914632766:40e0d178-d47f-4a35-bcc7-ef1023b94c29,0,True,EmptyObject,EmptyObject,clear,none,No,0,True,EmptyObject,EmptyObject,CTOR,none
399,1604914632766:a62361aa-2d78-489f-bc24-9a2a85418fdf,1604914632766:8d26c5af-5d8b-4e8c-a232-701d2d51e223,0,True,EmptyObject,EmptyObject,clear,none,No,0,True,EmptyObject,EmptyObject,CTOR,none
401,1604914632765:e5b309ed-3cec-46e0-a616-72a1395e67bf,1604914632765:13f8fa62-f914-4935-a5b9-5b3e10627193,0,True,EmptyObject,EmptyObject,clear,none,No,0,True,EmptyObject,EmptyObject,CTOR,none
406,1604914632764:a95a641c-2018-42a7-90ac-0dd991fc3bf4,1604914632764:15c0bedc-64d6-40a7-904a-627e9992051e,0,True,EmptyObject,EmptyObject,clear,none,No,0,True,EmptyObject,EmptyObject,CTOR,none
409,1604914632763:c0d6d939-fcc5-4b97-8d2a-b0122fc21b7e,1604914632763:996248a5-fa5e-48b4-895d-defb2a5d4b46,0,True,EmptyObject,EmptyObject,clear,none,No,0,True,EmptyObject,EmptyObject,CTOR,none
411,1604914632763:a51eabd4-da96-409e-a597-db6d9361364f,1604914632763:e1245810-cb00-4be8-978a-062150e3213d,0,True,EmptyObject,EmptyObject,clear,none,No,0,True,EmptyObject,EmptyObject,CTOR,none
414,1604914632762:76bd4ea5-73a1-432d-b354-611acc3a174a,1604914632762:dc4a8a4f-602d-44ad-bc75-7c3bda8b0a13,0,True,EmptyObject,EmptyObject,clear,none,No,0,True,EmptyObject,EmptyObject,CTOR,none
424,1604914632760:58d48277-a3a0-4013-83ed-abb7502b8470,1604914632760:2a98d322-4196-4b4d-a5e4-4ab1437edc9a,0,True,EmptyObject,EmptyObject,clear,none,No,0,True,EmptyObject,EmptyObject,CTOR,none
433,1604914632759:4916a655-7678-424f-be9a-a26b3a8360f9,1604914632759:d4aa3e19-19b8-4faa-991e-6d904d3a25dd,0,True,EmptyObject,EmptyObject,clear,none,No,0,True,EmptyObject,EmptyObject,CTOR,none
435,1604914632759:3a761f24-1fdc-45b0-bafb-afcd48863153,1604914632759:5b081cc5-4edc-40fa-8e3c-6222fd7988ea,0,True,EmptyObject,EmptyObject,clear,none,No,0,True,EmptyObject,EmptyObject,CTOR,none
446,1604914632758:33bba9ac-3d8c-44b1-8e26-50668ba63440,1604914632758:463e8d13-3f9d-4355-8fcd-d6d0a3a3ac59,0,True,EmptyObject,EmptyObject,clear,none,No,0,True,EmptyObject,EmptyObject,CTOR,none
450,1604914632757:bf6abb76-070a-426a-9ca9-e4b0ddb195d8,1604914632757:a0d5f64e-7bf5-4508-abe2-366bc1e322cd,0,True,EmptyObject,EmptyObject,clear,none,No,0,True,EmptyObject,EmptyObject,CTOR,none
452,1604914632757:a8d49b75-5bab-45c7-8b96-b84175a367f9,1604914632757:369f8d49-0de1-4cda-842e-a4dde4328756,0,True,EmptyObject,EmptyObject,clear,none,No,0,True,EmptyObject,EmptyObject,CTOR,none
456,1604914632757:772a0ba7-4a25-4ede-acab-5280c59dbeb5,1604914632757:f64637bd-e0f9-4fac-91b1-8a1ce0f456e3,0,True,EmptyObject,EmptyObject,clear,none,No,0,True,EmptyObject,EmptyObject,CTOR,none
460,1604914632757:0c50febe-bfc0-4016-a794-291e4383cf42,1604914632757:f2d692ce-7e44-414e-9c1f-6b301b8c2d1f,0,True,EmptyObject,EmptyObject,clear,none,No,0,True,EmptyObject,EmptyObject,CTOR,none
463,1604914632756:d12c8093-066d-4bdf-8424-f272ae54f756,1604914632756:2a34dc29-c154-4025-af72-b5eabecebb4d,0,True,EmptyObject,EmptyObject,clear,none,No,0,True,EmptyObject,EmptyObject,CTOR,none
471,1604914632756:0ab2006f-b599-417c-ba96-7508c5db9e4b,1604914632756:a78b7ff6-0ca6-48d2-af3f-d61377def623,0,True,EmptyObject,EmptyObject,clear,none,No,0,True,EmptyObject,EmptyObject,CTOR,none
477,1604914632755:a14d37b4-b978-4a6a-84f3-a49a4cf4938a,1604914632755:41104211-2a60-428e-9dd0-431fb74be616,0,True,EmptyObject,EmptyObject,clear,none,No,0,True,EmptyObject,EmptyObject,CTOR,none
479,1604914632755:6aed7a16-36ff-40c8-b83f-d80353489546,1604914632755:2203de9b-727e-4e38-9dbc-e516e7b4f107,0,True,EmptyObject,EmptyObject,clear,none,No,0,True,EmptyObject,EmptyObject,CTOR,none
481,1604914632755:39d8baa7-3725-45fc-a180-1b3efa750022,1604914632755:1ffe8773-b3d8-4775-8029-2811aa00c7d1,0,True,EmptyObject,EmptyObject,clear,none,No,0,True,EmptyObject,EmptyObject,CTOR,none
483,1604914632755:18c7099f-b31f-4d11-9222-595b1cb2566b,1604914632755:f1cc7384-e2f6-464d-be0e-8f304b451e6c,0,True,EmptyObject,EmptyObject,clear,none,No,0,True,EmptyObject,EmptyObject,CTOR,none
494,1604914632753:b38c55e9-c781-4998-8baa-3fa78aee707f,1604914632753:a5e8b019-b6c2-423c-9cfa-c179e4f039b5,0,True,EmptyObject,EmptyObject,clear,none,No,0,True,EmptyObject,EmptyObject,CTOR,none
500,1604914632753:15722ef8-323f-4df1-be1e-074ca89bf86e,1604914632753:52809e17-305c-4a61-b77e-8233bf370c2f,0,True,EmptyObject,EmptyObject,clear,none,No,0,True,EmptyObject,EmptyObject,CTOR,none
505,1604914632752:db1b2829-3a85-4abe-99d0-bfa999249e18,1604914632752:002f21ef-6750-4832-ac1d-4ccec606a6b1,0,True,EmptyObject,EmptyObject,clear,none,No,0,True,EmptyObject,EmptyObject,CTOR,none
507,1604914632752:cd68c6b4-e6f6-4fe7-87d3-fa145c6f1632,1604914632752:194812a5-3fe3-4d67-8e81-33890c385464,0,True,EmptyObject,EmptyObject,clear,none,No,0,True,EmptyObject,EmptyObject,CTOR,none
519,1604914632748:9a22a4da-b450-4742-b525-641c7646802a,1604914632748:03171fd9-b085-4c8f-8bab-994624dad999,0,True,EmptyObject,EmptyObject,clear,none,No,0,True,EmptyObject,EmptyObject,CTOR,none
521,1604914632748:7bd954c6-9fef-40b1-91d5-e3ef5b9ae872,1604914632748:dd1555f0-ec94-4446-8e76-73cd0bc73f2c,0,True,EmptyObject,EmptyObject,clear,none,No,0,True,EmptyObject,EmptyObject,CTOR,none
532,1604914632744:c47d6ad0-8017-490b-a438-fcdc64079a02,1604914632744:eff523b0-b031-42b6-a7fd-132b1a676359,0,True,EmptyObject,EmptyObject,clear,none,No,0,True,EmptyObject,EmptyObject,CTOR,none
534,1604914632744:b163047b-0054-41f3-ad6a-4619c5f19c68,1604914632744:1f51c83c-2a0b-414c-b360-330ae7ea4dfa,0,True,EmptyObject,EmptyObject,clear,none,No,0,True,EmptyObject,EmptyObject,CTOR,none
545,1604914632743:639c0dbc-8e78-4710-8817-2b1d3107a519,1604914632743:e3abc58b-5f17-48d6-ad18-d0bd55039a0e,0,True,EmptyObject,EmptyObject,clear,none,No,0,True,EmptyObject,EmptyObject,CTOR,none
559,1604914632728:a5b56eac-7426-4579-b190-873eb48e9542,1604914632728:f3f0b197-a687-4302-9cf1-3f7ffb794e41,0,True,EmptyObject,EmptyObject,clear,none,No,0,True,EmptyObject,EmptyObject,CTOR,none
562,1604914632728:8723c38f-cd5c-4960-af2c-b69d4a1b74e0,1604914632728:8456816b-a902-45b6-8a19-e2c7eba2f7bc,0,True,EmptyObject,EmptyObject,clear,none,No,0,True,EmptyObject,EmptyObject,CTOR,none
565,1604914632728:0e03d23b-ffa6-4b7b-84f2-a6d52703e2f4,1604914632728:77251b62-b59b-4e50-afb9-af443fd90b4f,0,True,EmptyObject,EmptyObject,clear,none,No,0,True,EmptyObject,EmptyObject,CTOR,none
579,1604914632725:b1f8ce56-21c5-4309-baba-c7081481c784,1604914632725:78bc1458-e699-48b6-bde4-2802d6595759,0,True,EmptyObject,EmptyObject,clear,none,No,0,True,EmptyObject,EmptyObject,CTOR,none
582,1604914632725:4869e41e-ec53-4cb6-8d24-006be5e2daae,1604914632725:64039e8f-06d2-4a36-bda3-681b2f973658,0,True,EmptyObject,EmptyObject,clear,none,No,0,True,EmptyObject,EmptyObject,CTOR,none
592,1604914632723:d6d1c00c-12fb-4aa9-b448-9beee733dc97,1604914632723:91182750-cf29-4b86-854f-fc3f131cfcfb,0,True,EmptyObject,EmptyObject,clear,none,No,0,True,EmptyObject,EmptyObject,CTOR,none
595,1604914632723:b4a46f4a-bd7e-4b41-9898-35919eaee05f,1604914632723:eee6fb57-9c00-4e56-93ac-d584b876092b,0,True,EmptyObject,EmptyObject,clear,none,No,0,True,EmptyObject,EmptyObject,CTOR,none
597,1604914632723:8de77af4-3466-4c01-8e25-54a3dc00ee41,1604914632723:87293b02-decb-47ba-ac2e-c7235cb6d759,0,True,EmptyObject,EmptyObject,clear,none,No,0,True,EmptyObject,EmptyObject,CTOR,none
612,1604914632721:ed3a147b-ad6d-4e21-9730-ad22020cfc6b,1604914632721:14467af4-f579-4dbb-a329-af6ab121cdbf,0,True,EmptyObject,EmptyObject,clear,none,No,0,True,EmptyObject,EmptyObject,CTOR,none
614,1604914632721:d9b94287-6954-4b67-8434-8383a321aff5,1604914632721:227c4835-e4e2-49f6-8bf3-5ae25006e864,0,True,EmptyObject,EmptyObject,clear,none,No,0,True,EmptyObject,EmptyObject,CTOR,none
634,1604914632714:142a8fe2-2e9b-45ab-8569-ff88b03667fb,1604914632714:51b5dd84-401d-4714-89a3-0243b09665dd,0,True,EmptyObject,EmptyObject,clear,none,No,0,True,EmptyObject,EmptyObject,CTOR,none
644,1604914632712:d48c3e01-caf9-45f2-880d-77e68c574d7d,1604914632712:5be2461e-de89-4185-a9ce-1636270e5067,0,True,EmptyObject,EmptyObject,clear,none,No,0,True,EmptyObject,EmptyObject,CTOR,none
646,1604914632712:b889b9a8-d253-44d3-8394-c2e2d9d06436,1604914632712:70f8abce-249d-4357-ba48-c830131a5ac4,0,True,EmptyObject,EmptyObject,clear,none,No,0,True,EmptyObject,EmptyObject,CTOR,none
653,1604914632711:b893cadb-3b19-4b1e-b3d9-73550e0e68d7,1604914632711:35367514-e660-4f2e-85c6-ce7e2fb4fbef,0,True,EmptyObject,EmptyObject,clear,none,No,0,True,EmptyObject,EmptyObject,CTOR,none
657,1604914632711:90ab78b2-c00d-411a-8a72-90ea1c35e1eb,1604914632711:e2b8c7d3-ee71-4a49-b780-c4d20925da61,0,True,EmptyObject,EmptyObject,clear,none,No,0,True,EmptyObject,EmptyObject,CTOR,none
659,1604914632711:8bdbca2d-667d-4b1f-b40f-e33064936597,1604914632711:44c456aa-16a7-4548-8e61-c35e1f9879ae,0,True,EmptyObject,EmptyObject,clear,none,No,0,True,EmptyObject,EmptyObject,CTOR,none
661,1604914632711:79db11d1-bee9-4ff6-b36d-4ba9049c0954,1604914632711:e8a6895f-1186-496f-a4e5-c6bee2a2356f,0,True,EmptyObject,EmptyObject,clear,none,No,0,True,EmptyObject,EmptyObject,CTOR,none
667,1604914632710:c7a56fde-1d6d-4975-8ed5-12c20f088b97,1604914632710:935032b4-4f97-4924-a99d-496991f7ba53,0,True,EmptyObject,EmptyObject,clear,none,No,0,True,EmptyObject,EmptyObject,CTOR,none
672,1604914632710:4c4a52f3-6224-404b-9805-204226e594ad,1604914632710:cd096084-f49c-4702-af3b-cc2f856c179f,0,True,EmptyObject,EmptyObject,clear,none,No,0,True,EmptyObject,EmptyObject,CTOR,none
674,1604914632710:2091f64c-4566-40e8-84f8-ceb0cd0352b6,1604914632710:8626bd02-2f73-4a2c-adb8-dd39160af435,0,True,EmptyObject,EmptyObject,clear,none,No,0,True,EmptyObject,EmptyObject,CTOR,none
676,1604914632709:f9f96c96-b246-4288-9937-cbe9650a1990,1604914632709:e2646d51-9b8d-4393-8b7d-e82f112da936,0,True,EmptyObject,EmptyObject,clear,none,No,0,True,EmptyObject,EmptyObject,CTOR,none
678,1604914632709:edc04939-e5ec-4dd9-ab29-c3b06c538425,1604914632709:04244dac-f59a-4da0-8b86-4f30941ab958,0,True,EmptyObject,EmptyObject,clear,none,No,0,True,EmptyObject,EmptyObject,CTOR,none
683,1604914632709:78fba921-5e05-4e35-bdeb-cfbe2c5404d0,1604914632709:a25a1082-dd7a-4ce5-99a1-f12485939bcf,0,True,EmptyObject,EmptyObject,clear,none,No,0,True,EmptyObject,EmptyObject,CTOR,none
686,1604914632709:48a1b36f-c92f-45c2-a228-50c415b609bd,1604914632709:c6fc8cfc-0015-48ed-aaee-ceeddccd1b5f,0,True,EmptyObject,EmptyObject,clear,none,No,0,True,EmptyObject,EmptyObject,CTOR,none
689,1604914632708:bb2d0efc-defe-45a6-8daf-8ee3bac3895f,1604914632708:556034b7-c185-4559-9293-8a118905d90f,0,True,EmptyObject,EmptyObject,clear,none,No,0,True,EmptyObject,EmptyObject,CTOR,none
693,1604914632708:abaf8d8b-3890-46dc-bee7-2aab07e63393,1604914632708:95e91ca5-7fb2-4952-819d-88995b56e7df,0,True,EmptyObject,EmptyObject,clear,none,No,0,True,EmptyObject,EmptyObject,CTOR,none
714,1604914632698:7d9c4927-89d1-471a-9895-db8c15cee110,1604914632698:e059a8d7-133d-41fb-8e2b-b52de4e8d320,0,True,EmptyObject,EmptyObject,clear,none,No,0,True,EmptyObject,EmptyObject,CTOR,none
716,1604914632698:61fb2b50-5b6d-48b3-9b91-f1ed8dde3484,1604914632698:07099212-ed6e-4613-9aec-73430784bd46,0,True,EmptyObject,EmptyObject,clear,none,No,0,True,EmptyObject,EmptyObject,CTOR,none
724,1604914632696:d3f723aa-7745-4a75-b1bc-19407d84e563,1604914632696:28c7788b-53e4-437c-a0e1-ce9d91bf310a,0,True,EmptyObject,EmptyObject,clear,none,No,0,True,EmptyObject,EmptyObject,CTOR,none
736,1604914632695:52b9fa26-ed2f-4cc4-b191-5971da8a62af,1604914632695:7985ba9c-f70d-42c5-a76e-041425f8f33b,0,True,EmptyObject,EmptyObject,clear,none,No,0,True,EmptyObject,EmptyObject,CTOR,none
742,1604914632694:ecb4fbaf-797d-4866-8a63-2129fa00c223,1604914632694:396b8d7f-a617-40e7-b2c1-b71ba4b187df,0,True,EmptyObject,EmptyObject,clear,none,No,0,True,EmptyObject,EmptyObject,CTOR,none
751,1604914632694:15ffcbc3-8932-4eea-b889-a3d38898a9cc,1604914632694:2ebbcec3-a3cc-46f7-af75-22954109212b,0,True,EmptyObject,EmptyObject,clear,none,No,0,True,EmptyObject,EmptyObject,CTOR,none
755,1604914632693:e0ad4091-a83b-4a54-a0db-e5558093712d,1604914632693:af961807-03f9-436b-8145-a9e464c1f573,0,True,EmptyObject,EmptyObject,clear,none,No,0,True,EmptyObject,EmptyObject,CTOR,none
762,1604914632692:d71eb689-8879-4d0f-aa85-9bffe825af74,1604914632692:66627b7b-bb5d-4a02-ad01-e2293c9c5e58,0,True,EmptyObject,EmptyObject,clear,none,No,0,True,EmptyObject,EmptyObject,CTOR,none
764,1604914632692:b4fb0894-481d-451e-a229-c6420fb4854a,1604914632692:626a78aa-707b-4769-975c-42dfab48656e,0,True,EmptyObject,EmptyObject,clear,none,No,0,True,EmptyObject,EmptyObject,CTOR,none
770,1604914632692:27340353-72d0-422a-a091-63ec0cdcfa85,1604914632692:2dbfd467-8beb-42c6-9a21-f8de25ba7fc2,0,True,EmptyObject,EmptyObject,clear,none,No,0,True,EmptyObject,EmptyObject,CTOR,none
786,1604914632690:884a07dd-343e-4dad-b8eb-9fc37c3532cb,1604914632690:dfd49998-7c6b-4100-bc1e-48e747e6ed28,0,True,EmptyObject,EmptyObject,clear,none,No,0,True,EmptyObject,EmptyObject,CTOR,none
792,1604914632689:d878bca1-acb6-40c0-a6d5-93f61c9f1248,1604914632689:d2237765-5a02-4b7f-9828-35600ff040db,0,True,EmptyObject,EmptyObject,clear,none,No,0,True,EmptyObject,EmptyObject,CTOR,none
799,1604914632689:3b4a397d-87da-4078-8a17-3ac89786b4ca,1604914632689:23b063ac-4ff4-4ed6-9c07-5ace13113115,0,True,EmptyObject,EmptyObject,clear,none,No,0,True,EmptyObject,EmptyObject,CTOR,none
803,1604914632688:f74640d5-dcd9-41e7-96c2-1367ed356d94,1604914632688:d31484ee-303c-4a84-82ac-3b240972d5cf,0,True,EmptyObject,EmptyObject,clear,none,No,0,True,EmptyObject,EmptyObject,CTOR,none
805,1604914632688:e890c519-7ae9-4f66-9f69-948736493cc9,1604914632688:3485e25c-c400-4417-a446-6da4d3dedead,0,True,EmptyObject,EmptyObject,clear,none,No,0,True,EmptyObject,EmptyObject,CTOR,none
809,1604914632688:5fb74684-7a80-4109-8aaf-3d3db565fa28,1604914632688:b8b25a79-6cad-4731-ad2a-307b05cb1773,0,True,EmptyObject,EmptyObject,clear,none,No,0,True,EmptyObject,EmptyObject,CTOR,none
812,1604914632687:9ab1f8ac-c6ae-4622-afe9-341659f20854,1604914632687:ac2c2c95-2d39-43db-ae0c-4460be64504c,0,True,EmptyObject,EmptyObject,clear,none,No,0,True,EmptyObject,EmptyObject,CTOR,none
819,1604914632686:b3646ba3-43c3-488c-b99a-1093d40d661e,1604914632686:cce1ccad-aa80-44b0-b35a-64bf8c9fa976,0,True,EmptyObject,EmptyObject,clear,none,No,0,True,EmptyObject,EmptyObject,CTOR,none
842,1604914632681:ccef2e5f-a768-437e-bb39-d72a8b996019,1604914632681:6ecbfd30-3f23-4fe5-8491-dbbbe7458787,0,True,EmptyObject,EmptyObject,clear,none,No,0,True,EmptyObject,EmptyObject,CTOR,none
847,1604914632680:bae62761-a16b-47d1-b134-44d26e4a4f5f,1604914632680:ce04090b-7735-49e6-8f4b-ea54986d98e4,0,True,EmptyObject,EmptyObject,clear,none,No,0,True,EmptyObject,EmptyObject,CTOR,none
856,1604914632678:f6eefe5c-3bbe-4bad-b79e-bedec88d37e8,1604914632678:1c1fc4d7-f0ba-4b3e-89e4-0eb169231873,0,True,EmptyObject,EmptyObject,clear,none,No,0,True,EmptyObject,EmptyObject,CTOR,none
862,1604914632677:34d331bf-eaf3-45ac-8977-06bd30dbe2c4,1604914632677:23f7f5d1-4af6-481b-9217-3abf67c037ff,0,True,EmptyObject,EmptyObject,clear,none,No,0,True,EmptyObject,EmptyObject,CTOR,none
867,1604914632677:1f047c56-27b2-4c03-a10a-74d56bf4664f,1604914632677:033a32be-ec4d-4b00-88c4-1532489c3f36,0,True,EmptyObject,EmptyObject,clear,none,No,0,True,EmptyObject,EmptyObject,CTOR,none
870,1604914632676:c64240df-0c41-49df-9a10-00f52421fa50,1604914632676:0e4c7f77-f2b2-4312-8dd1-24010b23ec89,0,True,EmptyObject,EmptyObject,clear,none,No,0,True,EmptyObject,EmptyObject,CTOR,none
873,1604914632676:aaacc6eb-78be-4e82-aa2e-f95e1d6c4867,1604914632676:da02b643-e9e4-4881-a9e3-44daeecc300f,0,True,EmptyObject,EmptyObject,clear,none,No,0,True,EmptyObject,EmptyObject,CTOR,none
875,1604914632676:a669b5d1-39dc-4d61-9808-6fe0c0b6c73f,1604914632676:ae52a1d4-4541-4adc-9fb5-47e68b50d272,0,True,EmptyObject,EmptyObject,clear,none,No,0,True,EmptyObject,EmptyObject,CTOR,none
877,1604914632676:149b2310-48ff-4aad-811f-2811bbe6d3ff,1604914632676:ff17ffdc-51d6-437a-a675-4af5dacd72cb,0,True,EmptyObject,EmptyObject,clear,none,No,0,True,EmptyObject,EmptyObject,CTOR,none
886,1604914632674:c78142ca-2adb-4f24-b564-2d39823118ff,1604914632674:47df38cb-9b4a-486b-9656-228f589064af,0,True,EmptyObject,EmptyObject,clear,none,No,0,True,EmptyObject,EmptyObject,CTOR,none
893,1604914632674:05684067-1e44-4ec5-b036-e6a3900ba5fa,1604914632674:22d0b6ae-b3e9-4307-89c3-5e3f1f656117,0,True,EmptyObject,EmptyObject,clear,none,No,0,True,EmptyObject,EmptyObject,CTOR,none
895,1604914632673:e8609273-4859-40fd-ab59-10276ccff1c5,1604914632673:6ef303a3-f5c2-4264-a327-cae3b9a8168c,0,True,EmptyObject,EmptyObject,clear,none,No,0,True,EmptyObject,EmptyObject,CTOR,none
897,1604914632673:cd01af0f-7bee-489d-9dc6-4036e391a20b,1604914632673:dc1d023c-ba9c-4b17-b7a3-f2200e370989,0,True,EmptyObject,EmptyObject,clear,none,No,0,True,EmptyObject,EmptyObject,CTOR,none
899,1604914632673:bfcd49f7-ff5f-47ed-ba18-ad469a91620b,1604914632673:c2194735-6322-4143-b63e-3d7c43f3de9f,0,True,EmptyObject,EmptyObject,clear,none,No,0,True,EmptyObject,EmptyObject,CTOR,none
907,1604914632672:57bd135f-33f5-4930-91fe-ce0fe439aaab,1604914632672:90253728-c559-43e1-9e99-c7dfa1cd2a18,0,True,EmptyObject,EmptyObject,clear,none,No,0,True,EmptyObject,EmptyObject,CTOR,none
923,1604914632663:f8189c0b-0f51-4281-8471-31c1b1c14f58,1604914632663:ce530f66-a70d-468d-be3b-efed1cc9917d,0,True,EmptyObject,EmptyObject,clear,none,No,0,True,EmptyObject,EmptyObject,CTOR,none
933,1604914632661:e023ba7d-4384-47db-9fc1-67fa1e67efcc,1604914632661:2f70c068-ff88-43d3-86e9-f53c1c46f6b1,0,True,EmptyObject,EmptyObject,clear,none,No,0,True,EmptyObject,EmptyObject,CTOR,none
939,1604914632652:e7e8f481-f9af-4186-9bdc-f2f7f1f616fe,1604914632652:9430fd49-e818-44b1-bbc5-26ef1fd95003,0,True,EmptyObject,EmptyObject,clear,none,No,0,True,EmptyObject,EmptyObject,CTOR,none
954,1604914632651:020e0e7e-89d8-407b-b31a-007a6693f512,1604914632651:19f97416-50ce-4564-85ca-84543a5cf8d0,0,True,EmptyObject,EmptyObject,clear,none,No,0,True,EmptyObject,EmptyObject,CTOR,none
955,1604914632651:020e0e7e-89d8-407b-b31a-007a6693f512,1604914632651:19f97416-50ce-4564-85ca-84543a5cf8d0,0,True,EmptyObject,EmptyObject,clear,none,No,0,True,EmptyObject,EmptyObject,clear,none
956,1604914632651:020e0e7e-89d8-407b-b31a-007a6693f512,1604914632651:19f97416-50ce-4564-85ca-84543a5cf8d0,0,True,EmptyObject,EmptyObject,clear,none,No,0,True,EmptyObject,EmptyObject,clear,none
960,1604914632650:d4bd9953-f8ae-415d-ae09-a4dd771ffc83,1604914632650:0866dbdd-647b-47f0-8524-9f2f93866662,0,True,EmptyObject,EmptyObject,clear,none,No,0,True,EmptyObject,EmptyObject,CTOR,none
963,1604914632650:ccb37289-2d3d-4c47-a102-dc21ead9717e,1604914632650:ce7ed2c3-55b3-4ce1-b6ac-41226e23d3d5,0,True,EmptyObject,EmptyObject,clear,none,No,0,True,EmptyObject,EmptyObject,CTOR,none
968,1604914632650:3046565c-2f25-4781-9079-b397ec372091,1604914632650:ae8e5ad9-418c-4e62-b997-5efbcdd881da,0,True,EmptyObject,EmptyObject,clear,none,No,0,True,EmptyObject,EmptyObject,CTOR,none
971,1604914632649:deb2000d-7dc4-4f65-b364-7500bce54d4e,1604914632649:18beddb1-56ae-4bc7-8f8e-6fcc11f284ed,0,True,EmptyObject,EmptyObject,clear,none,No,0,True,EmptyObject,EmptyObject,CTOR,none
973,1604914632649:d9235f2a-6b2d-4923-b532-361e07ed69ed,1604914632649:650b2675-165c-4094-9871-82069c9bb5ea,0,True,EmptyObject,EmptyObject,clear,none,No,0,True,EmptyObject,EmptyObject,CTOR,none
984,1604914632647:6e2653a9-2809-48a6-a954-421d639ed3d3,1604914632647:4648baf4-1d62-4a7b-9988-9675bf9a5475,0,True,EmptyObject,EmptyObject,clear,none,No,0,True,EmptyObject,EmptyObject,CTOR,none
994,1604914632645:aec0f992-2da2-4bb1-8907-9f2e0b685d4c,1604914632645:1f3ba53d-79b1-434a-ab3a-0631e73ffb42,0,True,EmptyObject,EmptyObject,clear,none,No,0,True,EmptyObject,EmptyObject,CTOR,none
997,1604914632645:8bc932f0-b8fa-429d-9bd8-3a964d04a827,1604914632645:678ff2ab-4b8c-4259-91cb-a81732d284a3,0,True,EmptyObject,EmptyObject,clear,none,No,0,True,EmptyObject,EmptyObject,CTOR,none
1001,1604914632644:fb5537da-bc52-4c47-b37b-7effdf99862a,1604914632644:3d43039b-737a-4826-a06b-f4f1686d4c34,0,True,EmptyObject,EmptyObject,clear,none,No,0,True,EmptyObject,EmptyObject,CTOR,none
1012,1604914632643:097b2eca-4f23-40ae-80ea-91e30b11235e,1604914632643:71448344-a744-47c0-96cf-d0b1af652cfa,0,True,EmptyObject,EmptyObject,clear,none,No,0,True,EmptyObject,EmptyObject,CTOR,none
1015,1604914632642:b58d2b2a-4c29-4f17-94c1-c7943e223e3d,1604914632642:a2966063-b4d7-4fb3-a9e3-cd5f1537c4df,0,True,EmptyObject,EmptyObject,clear,none,No,0,True,EmptyObject,EmptyObject,CTOR,none
1022,1604914632641:f0b817b6-a881-4c50-9cf6-f6a706375324,1604914632642:cd88866d-25e0-4cf5-aba6-e9c6524d91ec,0,True,EmptyObject,EmptyObject,clear,none,No,0,True,EmptyObject,EmptyObject,CTOR,none
1029,1604914632641:287ab19c-7b1e-4511-a55a-22e4417970dc,1604914632641:1c1fad56-77bc-46cd-a447-d751467e4e2b,0,True,EmptyObject,EmptyObject,clear,none,No,0,True,EmptyObject,EmptyObject,CTOR,none
1035,1604914632640:6345b248-d07a-416e-8f08-3951c368b8e1,1604914632640:bbad8526-63ee-4714-a1d2-434d0f424c01,0,True,EmptyObject,EmptyObject,clear,none,No,0,True,EmptyObject,EmptyObject,CTOR,none
1037,1604914632640:31c8c5b3-bd78-46fa-9aab-5f1f78e3f335,1604914632640:ff580563-e3d1-48b1-be7d-8c4c7b2abc57,0,True,EmptyObject,EmptyObject,clear,none,No,0,True,EmptyObject,EmptyObject,CTOR,none
1053,1604914632636:54876a51-c710-4e81-946d-5744d5404136,1604914632636:2a160308-21c5-4cae-a8ba-16b506582764,0,True,EmptyObject,EmptyObject,clear,none,No,0,True,EmptyObject,EmptyObject,CTOR,none
1056,1604914632636:01375e21-5b83-4295-a8be-3cb6b4daba62,1604914632636:65696b85-ea6f-4f20-9103-556cf84cdc03,0,True,EmptyObject,EmptyObject,clear,none,No,0,True,EmptyObject,EmptyObject,CTOR,none
1062,1604914632635:49f0ffe4-8054-4e40-a556-0deac42ddf2a,1604914632635:d643feb6-e41a-498c-8e5c-4dde3484188b,0,True,EmptyObject,EmptyObject,clear,none,No,0,True,EmptyObject,EmptyObject,CTOR,none
1070,1604914632634:92365ec1-9f45-40ca-ad3e-6fc68bcb410c,1604914632634:9fdc4e59-b475-4761-9887-8b752eb6b503,0,True,EmptyObject,EmptyObject,clear,none,No,0,True,EmptyObject,EmptyObject,CTOR,none
1075,1604914632634:04874fd4-9b14-45d1-8a2c-ae78bd24f45d,1604914632634:3d5884f4-ca31-4c17-a0cf-addf85fc4e70,0,True,EmptyObject,EmptyObject,clear,none,No,0,True,EmptyObject,EmptyObject,CTOR,none
1077,1604914632633:fd1e5773-1488-4134-a790-263b725749e1,1604914632633:696c6e20-76ff-41ec-be3f-fd2f89b8d820,0,True,EmptyObject,EmptyObject,clear,none,No,0,True,EmptyObject,EmptyObject,CTOR,none
1080,1604914632633:95c17b3e-3123-45df-9399-4fb278d526b5,1604914632633:8557f95f-022a-4668-96b4-b2d8326002d1,0,True,EmptyObject,EmptyObject,clear,none,No,0,True,EmptyObject,EmptyObject,CTOR,none
1084,1604914632633:01bf6650-3a9a-4c7e-9acf-94a3cf35922a,1604914632633:09ef20ff-5eff-4da5-af69-20dd9fedd87d,0,True,EmptyObject,EmptyObject,clear,none,No,0,True,EmptyObject,EmptyObject,CTOR,none
1092,1604914632631:aeaf639b-3185-4303-b72d-25b280862cfd,1604914632631:1ed23b20-df1c-4463-805e-677737a71a09,0,True,EmptyObject,EmptyObject,clear,none,No,0,True,EmptyObject,EmptyObject,CTOR,none
1098,1604914632630:71faa954-a89a-4bc9-9589-27c9c5b9bdf8,1604914632630:a568fad6-6a84-43e2-a722-5f6f76dde8d4,0,True,EmptyObject,EmptyObject,clear,none,No,0,True,EmptyObject,EmptyObject,CTOR,none
1103,1604914632629:c25d5822-b67d-4c52-b41e-48bb29508941,1604914632629:05a3e1a1-806e-4fc6-96f9-a0c6b1aeab1b,0,True,EmptyObject,EmptyObject,clear,none,No,0,True,EmptyObject,EmptyObject,CTOR,none
1105,1604914632629:93a25018-2ca9-4a50-9ca6-0e9e2dfaed10,1604914632629:f42a38f3-fecd-43ce-9e7f-21383e47eace,0,True,EmptyObject,EmptyObject,clear,none,No,0,True,EmptyObject,EmptyObject,CTOR,none
1107,1604914632629:88eaf668-baf8-4627-bb5b-f7b3f7e18f6b,1604914632629:d30dd293-0e5e-4309-a266-8822e89137b8,0,True,EmptyObject,EmptyObject,clear,none,No,0,True,EmptyObject,EmptyObject,CTOR,none
1110,1604914632629:6b99739a-3a1a-4673-ba7f-4e87404a8e45,1604914632629:68c5a00a-a0ba-4a50-bfff-e011bed8a317,0,True,EmptyObject,EmptyObject,clear,none,No,0,True,EmptyObject,EmptyObject,CTOR,none
1122,1604914632628:17bf16f3-22c0-4bd7-a6bb-104d4ea6a568,1604914632628:6a9a4209-31de-4fa8-8801-555053cc8cc4,0,True,EmptyObject,EmptyObject,clear,none,No,0,True,EmptyObject,EmptyObject,CTOR,none
1126,1604914632627:967b27a4-7ea9-4a7f-95f9-487d8f901e9e,1604914632627:e6792d1c-3bee-470d-9bf4-06175394c536,0,True,EmptyObject,EmptyObject,clear,none,No,0,True,EmptyObject,EmptyObject,CTOR,none
1131,1604914632622:76289760-0165-40d3-832d-6394019c7969,1604914632622:774eabd7-853c-46b0-b6ad-e1056e69c61d,0,True,EmptyObject,EmptyObject,clear,none,No,0,True,EmptyObject,EmptyObject,CTOR,none
1140,1604914632621:7c7d172d-bda1-4d62-9b3a-fd4ef07a5629,1604914632621:0a6c1d4e-7ca9-442c-937d-1abc88a99916,0,True,EmptyObject,EmptyObject,clear,none,No,0,True,EmptyObject,EmptyObject,CTOR,none
1149,1604914632619:980b1a96-cb57-49e9-849e-3368f1932fed,1604914632619:b6a8705d-0a9d-4dbc-b64d-ee304ae3ac22,0,True,EmptyObject,EmptyObject,clear,none,No,0,True,EmptyObject,EmptyObject,CTOR,none
1156,1604914632618:29402668-f0ee-4a18-8d58-01b8fbd33c0c,1604914632618:ae30e73a-ee69-4722-b340-601e97eee543,0,True,EmptyObject,EmptyObject,clear,none,No,0,True,EmptyObject,EmptyObject,CTOR,none
1159,1604914632617:cb3e3c14-480e-4997-a4f3-7e2a82671500,1604914632617:e2a4e16e-5357-4778-a1b3-3db0670a65be,0,True,EmptyObject,EmptyObject,clear,none,No,0,True,EmptyObject,EmptyObject,CTOR,none
1164,1604914632617:0aa2b67e-1a0f-4675-ad8b-6938fe8baad1,1604914632617:d663b855-07c3-46e1-99c1-ea4a64643042,0,True,EmptyObject,EmptyObject,clear,none,No,0,True,EmptyObject,EmptyObject,CTOR,none
1173,1604914632615:b6fef954-fc61-46c0-a473-262e83b60d78,1604914632615:b07d1d89-24a4-4903-97ab-cde6ec250792,0,True,EmptyObject,EmptyObject,clear,none,No,0,True,EmptyObject,EmptyObject,CTOR,none
1177,1604914632614:a8d0fab2-8b64-4596-a6b5-70452296b6b0,1604914632614:1f217b31-1d3f-4d04-ab0d-0db142feca59,0,True,EmptyObject,EmptyObject,clear,none,No,0,True,EmptyObject,EmptyObject,CTOR,none
1190,1604914632611:ef820137-0c4b-4baa-8a82-eeb9eb77dec3,1604914632611:191af67c-f702-403a-8477-fae147c5e19c,0,True,EmptyObject,EmptyObject,clear,none,No,0,True,EmptyObject,EmptyObject,CTOR,none
1194,1604914632611:c24a2374-1b1f-4855-b5c0-bcb58a023bc4,1604914632611:5572a6e7-ca8f-4295-9639-cfa80d685209,0,True,EmptyObject,EmptyObject,clear,none,No,0,True,EmptyObject,EmptyObject,CTOR,none
1196,1604914632611:74ccecac-6486-487e-8fcd-c0cf8c03b28a,1604914632611:052c7445-7500-4d2b-bcac-c7bfae03402d,0,True,EmptyObject,EmptyObject,clear,none,No,0,True,EmptyObject,EmptyObject,CTOR,none
1198,1604914632611:4291d160-b5ad-4851-9b16-e80080034f94,1604914632611:f1dc6103-0412-4333-96f0-7a9b9ca6d8c2,0,True,EmptyObject,EmptyObject,clear,none,No,0,True,EmptyObject,EmptyObject,CTOR,none
1201,1604914632611:24e0c945-3cef-4120-a0ed-4ee542455069,1604914632611:3b407b6f-7f98-4fab-afd6-e7dfa4fb018c,0,True,EmptyObject,EmptyObject,clear,none,No,0,True,EmptyObject,EmptyObject,CTOR,none
1204,1604914632610:b1052a8a-15c1-4203-be11-9bc1e41ee495,1604914632610:fa900dee-6401-46cb-bf75-7810d3e7e30b,0,True,EmptyObject,EmptyObject,clear,none,No,0,True,EmptyObject,EmptyObject,CTOR,none
1209,1604914632610:4ee07e8e-b3e0-4964-b82c-1d0dbf71119c,1604914632610:01cb92eb-3973-4318-8ec1-c2b08b3da893,0,True,EmptyObject,EmptyObject,clear,none,No,0,True,EmptyObject,EmptyObject,CTOR,none
1219,1604914632608:39a5330d-6399-450c-807b-10df283e1e7d,1604914632608:f6161e98-4b3e-44d7-a297-27388d17a88f,0,True,EmptyObject,EmptyObject,clear,none,No,0,True,EmptyObject,EmptyObject,CTOR,none
1223,1604914632605:e58a3395-8285-4156-b677-07cbb7bcb2b5,1604914632605:92a9cb7f-b6b6-472a-af84-e15e9ea0d8e6,0,True,EmptyObject,EmptyObject,clear,none,No,0,True,EmptyObject,EmptyObject,CTOR,none
1225,1604914632605:61ba03bd-d718-4080-aa22-c474505c0b00,1604914632605:93b781d8-a0b7-493e-905e-d3c4e1b275ac,0,True,EmptyObject,EmptyObject,clear,none,No,0,True,EmptyObject,EmptyObject,CTOR,none
1228,1604914632605:2faa5e33-6f00-4389-8151-ba0f8e6e1593,1604914632605:7bf95449-39a4-424c-abad-c12f84519c0e,0,True,EmptyObject,EmptyObject,clear,none,No,0,True,EmptyObject,EmptyObject,CTOR,none
1231,1604914632604:e0091f72-29c7-4566-b9c8-c957c29a91ee,1604914632604:408f542f-5837-4822-970f-7b28f126f7c8,0,True,EmptyObject,EmptyObject,clear,none,No,0,True,EmptyObject,EmptyObject,CTOR,none
1253,1604914632602:1b9f0d4a-51da-4f24-b5b7-fce9f0296cec,1604914632602:b63913f9-d28e-4e99-beed-6679f977c5dc,0,True,EmptyObject,EmptyObject,clear,none,No,0,True,EmptyObject,EmptyObject,CTOR,none
1260,1604914632601:95434d98-6953-4b44-881c-0874b3d2339b,1604914632601:75f2042e-41bf-4a60-8821-a79b028dc4fc,0,True,EmptyObject,EmptyObject,clear,none,No,0,True,EmptyObject,EmptyObject,CTOR,none
1262,1604914632601:90c76d0d-d0c0-4d2f-a4b5-84c07984f4f9,1604914632601:bb8480c2-2df9-487c-b30c-bad0bf5b2263,0,True,EmptyObject,EmptyObject,clear,none,No,0,True,EmptyObject,EmptyObject,CTOR,none
1265,1604914632601:444e4a36-62ec-411e-afd4-6222ea742da3,1604914632601:6f5bd321-e71e-4383-ad2f-c677190bc971,0,True,EmptyObject,EmptyObject,clear,none,No,0,True,EmptyObject,EmptyObject,CTOR,none
1267,1604914632601:181ce5ff-9dad-4560-9b5e-f633a10b6924,1604914632601:9cf7e596-349f-42fb-8217-78491c8e5718,0,True,EmptyObject,EmptyObject,clear,none,No,0,True,EmptyObject,EmptyObject,CTOR,none
1269,1604914632600:fd6ac137-cf21-47f4-8619-c6caa64259e1,1604914632600:29941878-bdff-4313-9c5c-b1e25f030d12,0,True,EmptyObject,EmptyObject,clear,none,No,0,True,EmptyObject,EmptyObject,CTOR,none
1271,1604914632600:fc32739e-067f-4f19-be81-8a14d207ee55,1604914632600:34276a43-0a17-4da1-96d2-3f4e3cd4bbce,0,True,EmptyObject,EmptyObject,clear,none,No,0,True,EmptyObject,EmptyObject,CTOR,none
1276,1604914632600:4dffcbae-e9a5-4c59-b842-9784d9780bb7,1604914632600:8d18a72b-ddda-4538-b581-cdcbc4ebc837,0,True,EmptyObject,EmptyObject,clear,none,No,0,True,EmptyObject,EmptyObject,CTOR,none
1279,1604914632599:6c91d6b9-d8e1-43e0-8a6f-41de0b696870,1604914632599:a0c05fbd-bcec-4ab0-8db7-553a659420af,0,True,EmptyObject,EmptyObject,clear,none,No,0,True,EmptyObject,EmptyObject,CTOR,none
1283,1604914632599:0cd784c1-2099-41cf-924d-885c7b8e249f,1604914632599:50f785df-3311-42df-a0eb-c386700fecf5,0,True,EmptyObject,EmptyObject,clear,none,No,0,True,EmptyObject,EmptyObject,CTOR,none
1285,1604914632598:f2be6322-b1a0-42ae-8d42-2dd86e8595d9,1604914632598:f5024def-dd9c-47c0-b09f-d1e4cc907a28,0,True,EmptyObject,EmptyObject,clear,none,No,0,True,EmptyObject,EmptyObject,CTOR,none
1297,1604914632597:89c24275-f94a-42d7-bab0-21204f454eeb,1604914632597:9608a092-4038-475e-8892-3dc0eae10eab,0,True,EmptyObject,EmptyObject,clear,none,No,0,True,EmptyObject,EmptyObject,CTOR,none
1300,1604914632597:35016086-2e49-439e-9dcd-ddc8b2cefb51,1604914632597:9e80e9fe-e866-48b0-a506-9a98663ad706,0,True,EmptyObject,EmptyObject,clear,none,No,0,True,EmptyObject,EmptyObject,CTOR,none
1304,1604914632596:bbd9bfa4-43d1-4750-b01d-f049578b481b,1604914632596:fd32c67f-8147-4451-92f8-c735e432d393,0,True,EmptyObject,EmptyObject,clear,none,No,0,True,EmptyObject,EmptyObject,CTOR,none
1312,1604914632595:c3731133-b59f-40bf-b6e7-95b852b1a278,1604914632595:6673ec00-3f7f-4780-8f31-14c7e95d1051,0,True,EmptyObject,EmptyObject,clear,none,No,0,True,EmptyObject,EmptyObject,CTOR,none
1315,1604914632595:1a688116-acec-4550-b8d0-8413e6bbc2e6,1604914632596:96b8209a-5519-4a2d-b265-2f0f12b9c6da,0,True,EmptyObject,EmptyObject,clear,none,No,0,True,EmptyObject,EmptyObject,CTOR,none
1317,1604914632595:10a0540d-d704-4e53-a824-411c9731c3a6,1604914632595:bc0c489f-1d2f-4ada-b08f-985d775da9f3,0,True,EmptyObject,EmptyObject,clear,none,No,0,True,EmptyObject,EmptyObject,CTOR,none
1319,1604914632595:0c982d4a-9baa-4608-af45-c6b27b2fdc8b,1604914632595:d1ce1c15-dd5b-419c-a7e5-8972a05fe2ed,0,True,EmptyObject,EmptyObject,clear,none,No,0,True,EmptyObject,EmptyObject,CTOR,none
1322,1604914632594:78a5795e-9519-4576-a42c-0a07c13ed25d,1604914632594:24a8c718-2f99-4e32-b7e9-987adae047a8,0,True,EmptyObject,EmptyObject,clear,none,No,0,True,EmptyObject,EmptyObject,CTOR,none
1324,1604914632591:e7bc4d75-6be5-4993-8576-497bd3370052,1604914632591:d3b35daa-33a0-4f20-b10c-c6196ee60385,0,True,EmptyObject,EmptyObject,clear,none,No,0,True,EmptyObject,EmptyObject,CTOR,none
1334,1604914632589:9843c75b-0451-45fa-b9f0-93d21def402a,1604914632589:8a99388a-c87a-4c40-ad6c-60e41980a358,0,True,EmptyObject,EmptyObject,clear,none,No,0,True,EmptyObject,EmptyObject,CTOR,none
1339,1604914632587:f4e2b972-5d19-43ad-9d85-7a6a5a5e0ab0,1604914632587:de6b1a5c-6d50-4194-adcc-36fe9652cdff,0,True,EmptyObject,EmptyObject,clear,none,No,0,True,EmptyObject,EmptyObject,CTOR,none
1341,1604914632587:ea0ece45-a5cb-45d6-b477-0a2a18cebbaa,1604914632587:84ee7311-5ca7-49f7-936c-685dc0442dfe,0,True,EmptyObject,EmptyObject,clear,none,No,0,True,EmptyObject,EmptyObject,CTOR,none
1346,1604914632587:3c230580-613e-4ec1-a9ae-f50e6cbb03ac,1604914632587:286bb281-0f09-4e67-9059-dfc6a11ca8b8,0,True,EmptyObject,EmptyObject,clear,none,No,0,True,EmptyObject,EmptyObject,CTOR,none
1349,1604914632586:eb9b36db-1e3b-4a79-adda-6a7bcee99563,1604914632586:27a1f2ce-3330-4035-9abe-465e20678d05,0,True,EmptyObject,EmptyObject,clear,none,No,0,True,EmptyObject,EmptyObject,CTOR,none
1356,1604914632585:751a55ff-8d84-4a96-a8dd-89d7efc0b96d,1604914632585:97d9db6f-b4de-48df-b1c6-e44a2de3535f,0,True,EmptyObject,EmptyObject,clear,none,No,0,True,EmptyObject,EmptyObject,CTOR,none
1365,1604914632584:1ab491c4-fefd-4c5b-bf8b-46479e1d7cb3,1604914632584:08c0e559-e121-467f-a184-e6e76b95d6dc,0,True,EmptyObject,EmptyObject,clear,none,No,0,True,EmptyObject,EmptyObject,CTOR,none
1368,1604914632583:e8ea51c6-691c-4a38-a860-3ccc7ba2e388,1604914632583:8d2ff11b-c54a-4243-b69b-46584c8790d0,0,True,EmptyObject,EmptyObject,clear,none,No,0,True,EmptyObject,EmptyObject,CTOR,none
1371,1604914632583:70faa36f-fed6-4139-9665-ef4c82959694,1604914632583:7650cd79-0f33-4adb-8dd6-2ff8237a8408,0,True,EmptyObject,EmptyObject,clear,none,No,0,True,EmptyObject,EmptyObject,CTOR,none
1382,1604914632582:2c0c1ed3-cf2a-413a-9fec-ab1733236f27,1604914632582:1db0516f-56d0-4810-b659-7f67edd558c6,0,True,EmptyObject,EmptyObject,clear,none,No,0,True,EmptyObject,EmptyObject,CTOR,none
1385,1604914632581:e4c2986a-7e81-4825-b701-2374fa1ca607,1604914632581:227c8a06-60d7-47bb-9832-5a6cc0654ba6,0,True,EmptyObject,EmptyObject,clear,none,No,0,True,EmptyObject,EmptyObject,CTOR,none
1389,1604914632581:812edfdb-a7e4-4fe2-b034-b024ed05b450,1604914632581:ae390426-548c-4f3e-94b7-6a6a2d181c29,0,True,EmptyObject,EmptyObject,clear,none,No,0,True,EmptyObject,EmptyObject,CTOR,none
1394,1604914632580:906bee7a-81c0-4e53-9047-3503970eba5d,1604914632580:1d88dd19-36b7-4614-b3a0-f31ce2929c3d,0,True,EmptyObject,EmptyObject,clear,none,No,0,True,EmptyObject,EmptyObject,CTOR,none
1404,1604914632579:0c1b4cca-bfe1-4c1b-a9d6-59f1247a4e95,1604914632579:128d0cc4-9a2d-4f68-ab81-f38989e0eb0a,0,True,EmptyObject,EmptyObject,clear,none,No,0,True,EmptyObject,EmptyObject,CTOR,none
1413,1604914632573:329068d2-e0d5-48fc-992d-585a8272af3b,1604914632573:3b0b8053-35dc-4d9e-8b3e-e5a193f8547c,0,True,EmptyObject,EmptyObject,clear,none,No,0,True,EmptyObject,EmptyObject,CTOR,none
1421,1604914632571:fad7b237-04fb-4f6a-9602-08eccb48bda9,1604914632571:a86d6e60-fc92-43e6-bd57-4a9c89715f6c,0,True,EmptyObject,EmptyObject,clear,none,No,0,True,EmptyObject,EmptyObject,CTOR,none
1423,1604914632571:a2143a51-0ae3-49d1-97ea-b302234a578a,1604914632571:1385d736-d3b2-4361-b1ae-004d28df7ff4,0,True,EmptyObject,EmptyObject,clear,none,No,0,True,EmptyObject,EmptyObject,CTOR,none
1438,1604914632569:0a5a7496-f35b-40c5-9c47-b1451feed542,1604914632569:250dfe2c-e482-4691-8635-f1d91e449ab1,0,True,EmptyObject,EmptyObject,clear,none,No,0,True,EmptyObject,EmptyObject,CTOR,none
1449,1604914632565:36c64be0-e72f-4f40-8513-5982e1f7226c,1604914632565:6cc61cb4-d032-4c83-8ed9-6ab9c55b69e6,0,True,EmptyObject,EmptyObject,clear,none,No,0,True,EmptyObject,EmptyObject,CTOR,none
1485,1604914632555:41acea91-f3ac-4bbd-a6fa-1b17cb5e03cb,1604914632555:da432d3f-fc4c-4e18-927b-827b4afd9118,0,True,EmptyObject,EmptyObject,clear,none,No,0,True,EmptyObject,EmptyObject,CTOR,none
1490,1604914632554:aff83b7b-dd4f-4c1a-a9e6-d0748d41b13d,1604914632554:37dc9a7e-3f26-4baf-8d09-8f043b7dafa8,0,True,EmptyObject,EmptyObject,clear,none,No,0,True,EmptyObject,EmptyObject,CTOR,none
1500,1604914632553:402f5a71-2e71-41b8-a6a5-73f957a755f6,1604914632553:c920402d-e010-48b7-9a79-3b9e888d77c5,0,True,EmptyObject,EmptyObject,clear,none,No,0,True,EmptyObject,EmptyObject,CTOR,none
1506,1604914632552:0f3be961-7cd8-4388-beb8-2aa9c7bee95c,1604914632552:cd296422-13fe-4c69-a134-c5fa446f4708,0,True,EmptyObject,EmptyObject,clear,none,No,0,True,EmptyObject,EmptyObject,CTOR,none
1516,1604914632550:796b1451-9a01-46fc-a36c-134374226e54,1604914632550:5e6e537f-ec63-450c-a11d-87b57bcbb65e,0,True,EmptyObject,EmptyObject,clear,none,No,0,True,EmptyObject,EmptyObject,CTOR,none
1524,1604914632549:48840754-a316-4893-8566-a5ea7cc6efa0,1604914632549:7f10870a-064a-4da2-ba23-88a8604421c4,0,True,EmptyObject,EmptyObject,clear,none,No,0,True,EmptyObject,EmptyObject,CTOR,none
1527,1604914632549:028b3e57-ecbc-4ee9-b055-1a2f75134e4a,1604914632549:1095bb3f-5c08-4afa-994a-bc1e5f24b3e0,0,True,EmptyObject,EmptyObject,clear,none,No,0,True,EmptyObject,EmptyObject,CTOR,none
1533,1604914632547:f7970133-b460-4d1c-bb0a-5db7e32d4dbc,1604914632547:c47e2a01-ce9c-4041-97b0-dab42b5d0984,0,True,EmptyObject,EmptyObject,clear,none,No,0,True,EmptyObject,EmptyObject,CTOR,none
1536,1604914632547:a6bff3cf-2e32-4138-af28-ea71f68fa84a,1604914632547:7d19ee9e-4360-47d3-bae5-243440f50d02,0,True,EmptyObject,EmptyObject,clear,none,No,0,True,EmptyObject,EmptyObject,CTOR,none
1541,1604914632546:96935c80-0110-4351-b4b7-3610d930bb1a,1604914632546:b50b7be7-27fe-4b63-b6df-1358df67bdc3,0,True,EmptyObject,EmptyObject,clear,none,No,0,True,EmptyObject,EmptyObject,CTOR,none
1544,1604914632546:5c5d3d5a-ca6c-43db-bee5-fa55e119cc63,1604914632546:0c0488d1-f4c3-4e64-a360-26aafad12211,0,True,EmptyObject,EmptyObject,clear,none,No,0,True,EmptyObject,EmptyObject,CTOR,none
1547,1604914632545:d126d216-edd8-4dc3-a65b-adf09f8eb40c,1604914632545:f7aaa080-a1b2-4cd4-af55-a906068ff072,0,True,EmptyObject,EmptyObject,clear,none,No,0,True,EmptyObject,EmptyObject,CTOR,none
1551,1604914632545:50bdea77-97a2-48fe-a12e-cda2f7b7c117,1604914632545:8bc2fc97-96c6-4dc1-9012-bf63b71eebfa,0,True,EmptyObject,EmptyObject,clear,none,No,0,True,EmptyObject,EmptyObject,CTOR,none
1556,1604914632544:f8e613da-8c18-4724-8952-acaa2b38c508,1604914632544:ae6a2305-3944-4fb4-8637-dadad0ff238d,0,True,EmptyObject,EmptyObject,clear,none,No,0,True,EmptyObject,EmptyObject,CTOR,none
1561,1604914632544:b018f697-c8d9-410f-b58f-dc17986edc4c,1604914632544:4a45b8db-5269-4d84-8564-014fe8e261fd,0,True,EmptyObject,EmptyObject,clear,none,No,0,True,EmptyObject,EmptyObject,CTOR,none
1563,1604914632543:8f93cd92-9987-4c0d-8bd6-94485db88635,1604914632543:1ebe0b22-22e9-4835-9232-928dcdd5388d,0,True,EmptyObject,EmptyObject,clear,none,No,0,True,EmptyObject,EmptyObject,CTOR,none
1570,1604914632542:2f63768a-ace7-4c19-8968-b67768837c93,1604914632542:e0cdb3ec-95e9-475f-ad75-f75ddf453894,0,True,EmptyObject,EmptyObject,clear,none,No,0,True,EmptyObject,EmptyObject,CTOR,none
1573,1604914632541:d3f8b7bb-4ca7-46fc-a2e9-372b14ee4b8f,1604914632541:24a5e0e1-a972-4f45-bf5c-75378be68b06,0,True,EmptyObject,EmptyObject,clear,none,No,0,True,EmptyObject,EmptyObject,CTOR,none
1583,1604914632540:074ce29e-090a-4e4e-9c85-084773822e9b,1604914632540:844e4f7e-1abe-4d52-b381-e21cd7ee5726,0,True,EmptyObject,EmptyObject,clear,none,No,0,True,EmptyObject,EmptyObject,CTOR,none
1585,1604914632540:0225fbd3-9fef-4b21-a6c7-3c4e2a85b677,1604914632540:26c59521-d617-45f0-a9cc-83c3a5000495,0,True,EmptyObject,EmptyObject,clear,none,No,0,True,EmptyObject,EmptyObject,CTOR,none
1587,1604914632539:dfefd413-377b-407f-90d3-751d3898c50f,1604914632539:713e4e28-d8bd-4b09-af34-eb56877f7a6f,0,True,EmptyObject,EmptyObject,clear,none,No,0,True,EmptyObject,EmptyObject,CTOR,none
1589,1604914632539:b33a1757-4446-46ff-bae8-5817aaf7cde9,1604914632539:b0a7d6ec-fd00-4555-9e68-1f89077b13b1,0,True,EmptyObject,EmptyObject,clear,none,No,0,True,EmptyObject,EmptyObject,CTOR,none
1594,1604914632539:74b37d60-a494-4507-9acf-cf1f738d1cca,1604914632539:87ed6596-868e-4db6-b130-844d72f21890,0,True,EmptyObject,EmptyObject,clear,none,No,0,True,EmptyObject,EmptyObject,CTOR,none
1597,1604914632539:22ee8c95-9286-4113-ace2-98eb143dedbd,1604914632539:12d1b4f5-2d54-406c-b65f-a0b96b547e6a,0,True,EmptyObject,EmptyObject,clear,none,No,0,True,EmptyObject,EmptyObject,CTOR,none
1599,1604914632539:08221f76-e57d-4f0d-ae90-52281d3d8d41,1604914632539:b2f2fd1b-9a81-4178-94a9-818d257a7384,0,True,EmptyObject,EmptyObject,clear,none,No,0,True,EmptyObject,EmptyObject,CTOR,none
1607,1604914632538:24920a43-064f-4ee7-8b32-080e7789f974,1604914632538:c9f690ad-31d0-4242-8003-f7a635a8b051,0,True,EmptyObject,EmptyObject,clear,none,No,0,True,EmptyObject,EmptyObject,CTOR,none
1629,1604914632535:a27c2578-1e30-42f1-a072-0d312aca7c49,1604914632535:6b679d7e-cab1-4faa-a9bf-b4672e737cf8,0,True,EmptyObject,EmptyObject,clear,none,No,0,True,EmptyObject,EmptyObject,CTOR,none
1634,1604914632534:b17c8bfa-c3ff-44cc-8498-851e964fdcf1,1604914632534:eb502524-5641-4e15-8e6e-c7ce73ed0ced,0,True,EmptyObject,EmptyObject,clear,none,No,0,True,EmptyObject,EmptyObject,CTOR,none
1639,1604914632531:94ae7e50-7e0b-49cd-8e53-b5e09ff77a22,1604914632531:a6a80a6c-5cf0-41ad-a592-f815e92fe356,0,True,EmptyObject,EmptyObject,clear,none,No,0,True,EmptyObject,EmptyObject,CTOR,none
1644,1604914632530:5c82ad9f-7a29-4e32-b93b-8e6a14cbaaff,1604914632530:c5c2ad2e-0e25-47d7-a345-9ff6c5172d27,0,True,EmptyObject,EmptyObject,clear,none,No,0,True,EmptyObject,EmptyObject,CTOR,none
1655,1604914632526:87eff256-4b8e-4b8b-93de-816dae3357b5,1604914632526:89c8cad2-d227-49de-b265-9a64096fef21,0,True,EmptyObject,EmptyObject,clear,none,No,0,True,EmptyObject,EmptyObject,CTOR,none
1657,1604914632525:d7218732-35c6-4bff-aba0-8e2068c949d0,1604914632525:8cc3ed4d-7895-4473-9855-c4d7a873e6e9,0,True,EmptyObject,EmptyObject,clear,none,No,0,True,EmptyObject,EmptyObject,CTOR,none
1659,1604914632525:a5901ed8-5fbc-4df1-9ac8-959bcce04f55,1604914632525:667e1016-15aa-48fd-b1e2-1319da491a9c,0,True,EmptyObject,EmptyObject,clear,none,No,0,True,EmptyObject,EmptyObject,CTOR,none
1661,1604914632525:40c6d7e5-17da-4eaa-8aa5-2f6a040507d9,1604914632525:2c9eb98c-cebf-421b-99d2-91ca69333616,0,True,EmptyObject,EmptyObject,clear,none,No,0,True,EmptyObject,EmptyObject,CTOR,none
1669,1604914632524:440e86b8-473c-45c5-afa8-97ddf5f7243b,1604914632524:87fd6535-3400-4d81-9d17-175221fc6e4a,0,True,EmptyObject,EmptyObject,clear,none,No,0,True,EmptyObject,EmptyObject,CTOR,none
1672,1604914632523:ba6075b5-4b2d-4465-a116-dd370d58ea4a,1604914632523:b4b804c7-b743-4d33-9609-29e0bf661bd7,0,True,EmptyObject,EmptyObject,clear,none,No,0,True,EmptyObject,EmptyObject,CTOR,none
1676,1604914632523:298cc680-4a71-4561-a97c-91c64c24061b,1604914632523:ea8c6acf-cf56-4623-b9c5-8bb4de2149a8,0,True,EmptyObject,EmptyObject,clear,none,No,0,True,EmptyObject,EmptyObject,CTOR,none
1682,1604914632522:311a3528-1d41-48fe-9255-d3e8bf9a1b84,1604914632522:cd36586f-fd9c-42a9-867c-50318fb8947c,0,True,EmptyObject,EmptyObject,clear,none,No,0,True,EmptyObject,EmptyObject,CTOR,none
1684,1604914632522:2f5d316d-fea6-475f-ae82-3d9b3be414ec,1604914632522:5d7e6a18-bc0f-45ee-a6fa-999289496eb4,0,True,EmptyObject,EmptyObject,clear,none,No,0,True,EmptyObject,EmptyObject,CTOR,none
1687,1604914632521:63a8155e-9954-4010-8139-e6271c05ef17,1604914632521:66825114-97c7-44b3-a337-d215b1693445,0,True,EmptyObject,EmptyObject,clear,none,No,0,True,EmptyObject,EmptyObject,CTOR,none
1694,1604914632511:e5cf57d3-9457-44b2-9720-fc22766840eb,1604914632511:e0c94d73-199d-45bd-92b4-6228c946e2c7,0,True,EmptyObject,EmptyObject,clear,none,No,0,True,EmptyObject,EmptyObject,CTOR,none
1697,1604914632511:aa922e7c-6190-4a91-918f-4639f82b428c,1604914632511:c0b457a6-a145-487c-bdf2-a0d62dea3463,0,True,EmptyObject,EmptyObject,clear,none,No,0,True,EmptyObject,EmptyObject,CTOR,none
1699,1604914632511:a845de39-4265-431d-9ea5-a94360a51dbe,1604914632511:bdb6d889-a2cd-4f59-b551-83f87ae8378a,0,True,EmptyObject,EmptyObject,clear,none,No,0,True,EmptyObject,EmptyObject,CTOR,none
1706,1604914632510:694f1e70-ead2-43a6-a96d-02b6d2bfc5fa,1604914632510:6aeb9870-a18f-4c1f-8314-53441786576d,0,True,EmptyObject,EmptyObject,clear,none,No,0,True,EmptyObject,EmptyObject,CTOR,none
1710,1604914632510:3af7d932-98b3-4a4c-8df2-082be7d07161,1604914632510:2e9fbdbb-ffe1-44d4-aaca-2a30baa01319,0,True,EmptyObject,EmptyObject,clear,none,No,0,True,EmptyObject,EmptyObject,CTOR,none
1713,1604914632510:19a28ef4-724c-4091-b9b3-bb4dcb29e72b,1604914632510:c6cc15b1-4297-430d-8277-0076528ea3e5,0,True,EmptyObject,EmptyObject,clear,none,No,0,True,EmptyObject,EmptyObject,CTOR,none
1718,1604914632509:a799318d-5230-4296-a43c-5b17ff59c12e,1604914632509:ecc8a51d-da46-4441-a5c5-24302f5ba8ab,0,True,EmptyObject,EmptyObject,clear,none,No,0,True,EmptyObject,EmptyObject,CTOR,none
1725,1604914632508:59b49171-8ea6-450c-b8bd-e4897bdfeb60,1604914632508:91b7ffdd-bbd2-4e1d-a0e1-800adb510a53,0,True,EmptyObject,EmptyObject,clear,none,No,0,True,EmptyObject,EmptyObject,CTOR,none
1728,1604914632508:1b70a3e3-4c1f-4624-80e3-15974fd0accf,1604914632508:f866f62e-65b4-48fc-b748-1d01a4c6f54e,0,True,EmptyObject,EmptyObject,clear,none,No,0,True,EmptyObject,EmptyObject,CTOR,none
1733,1604914632507:a0d6dc9b-a927-4a1a-88b8-264682b48755,1604914632507:6207389d-1722-4e3e-8073-5754d71d495c,0,True,EmptyObject,EmptyObject,clear,none,No,0,True,EmptyObject,EmptyObject,CTOR,none
1738,1604914632507:09a224fc-59cc-4429-bf36-96914ea89179,1604914632507:c44d4044-349c-4dba-932f-df503abfa07b,0,True,EmptyObject,EmptyObject,clear,none,No,0,True,EmptyObject,EmptyObject,CTOR,none
1741,1604914632506:a4e98c27-72ee-44c2-8a86-b38d4f7ba0ee,1604914632506:d6924c2f-c869-4544-a331-01e1298379ef,0,True,EmptyObject,EmptyObject,clear,none,No,0,True,EmptyObject,EmptyObject,CTOR,none
1745,1604914632506:3014357f-0fad-4ca9-b38c-4cfe929b432d,1604914632506:7b8d2670-9a1b-4ad6-8217-e38339d63012,0,True,EmptyObject,EmptyObject,clear,none,No,0,True,EmptyObject,EmptyObject,CTOR,none
1748,1604914632505:f9289388-9aa0-4d6d-9a7f-9286ede6252f,1604914632505:faa7eb19-84a5-494d-b271-dd0b5afa9a86,0,True,EmptyObject,EmptyObject,clear,none,No,0,True,EmptyObject,EmptyObject,CTOR,none
1764,1604914632503:b56658f8-d6e8-4c3f-b9fd-58a811d85c5c,1604914632503:bedacb2f-8274-4549-bf00-1806ca806c98,0,True,EmptyObject,EmptyObject,clear,none,No,0,True,EmptyObject,EmptyObject,CTOR,none
1772,1604914632501:6e046714-1979-40dc-ad52-3dd989c89ea1,1604914632502:e212fb9f-b2e1-4da3-8b45-746b46f5d027,0,True,EmptyObject,EmptyObject,clear,none,No,0,True,EmptyObject,EmptyObject,CTOR,none
1775,1604914632501:26f75804-c818-4add-83a2-1a736d202e7b,1604914632501:bbb90d46-3607-4b5d-a05a-7963275518c8,0,True,EmptyObject,EmptyObject,clear,none,No,0,True,EmptyObject,EmptyObject,CTOR,none
1779,1604914632499:aff2594d-76d9-4712-9ebb-64b810187c21,1604914632499:ed6a3c23-178c-407d-818e-18b51e70b022,0,True,EmptyObject,EmptyObject,clear,none,No,0,True,EmptyObject,EmptyObject,CTOR,none
1781,1604914632499:53d67edb-1674-4544-9d80-ae22254d414d,1604914632499:cc81f6af-4f71-4069-99da-93843acd0b59,0,True,EmptyObject,EmptyObject,clear,none,No,0,True,EmptyObject,EmptyObject,CTOR,none
1783,1604914632499:3df5b3b9-f9e2-49a5-b6d5-ef649399ec19,1604914632499:30666f08-f2c1-4aed-93b1-c0532fd7fbb6,0,True,EmptyObject,EmptyObject,clear,none,No,0,True,EmptyObject,EmptyObject,CTOR,none
1790,1604914632495:b2b81bee-90c8-4350-a2b8-a38183ee54ae,1604914632495:2def66df-c8c0-4c02-bdeb-b75aabefca66,0,True,EmptyObject,EmptyObject,clear,none,No,0,True,EmptyObject,EmptyObject,CTOR,none
1793,1604914632495:94ddb94f-a3b4-4f86-a182-57c92d93305e,1604914632495:01231573-185d-4e32-98f5-d3a9966ac95a,0,True,EmptyObject,EmptyObject,clear,none,No,0,True,EmptyObject,EmptyObject,CTOR,none
1797,1604914632494:7db95665-a2b7-41e3-aaa4-4a0c8cf83958,1604914632494:a92ca5f5-dd81-40b7-b03e-f18098197d7a,0,True,EmptyObject,EmptyObject,clear,none,No,0,True,EmptyObject,EmptyObject,CTOR,none
1804,1604914632493:424f7a10-80ba-4ad5-bcdf-539e0ef71f14,1604914632493:10aabab0-ba55-4db6-a14f-c214d0184c85,0,True,EmptyObject,EmptyObject,clear,none,No,0,True,EmptyObject,EmptyObject,CTOR,none
1806,1604914632493:316c3e90-2fa1-4c18-a957-8068d0e54e9f,1604914632493:6044a04a-8e5e-4f2a-ad0e-397fe92e1557,0,True,EmptyObject,EmptyObject,clear,none,No,0,True,EmptyObject,EmptyObject,CTOR,none
1815,1604914632491:7c71c6df-9621-4566-af27-310af88c18cc,1604914632491:3396f783-4399-4227-ba91-c466f2b32f97,0,True,EmptyObject,EmptyObject,clear,none,No,0,True,EmptyObject,EmptyObject,CTOR,none
1817,1604914632491:5804aa91-c169-461a-82f0-87eaee21c2cb,1604914632491:d05f0a63-b4ba-4dc7-aa70-9fd2d0298177,0,True,EmptyObject,EmptyObject,clear,none,No,0,True,EmptyObject,EmptyObject,CTOR,none
1827,1604914632489:de40f18e-9ac3-4e2c-948d-5af9e4c98aae,1604914632489:129ee662-5d5e-4e17-b794-1c9f449e9664,0,True,EmptyObject,EmptyObject,clear,none,No,0,True,EmptyObject,EmptyObject,CTOR,none
1846,1604914632487:5de1f624-52c2-4b7a-806e-fecbe33123a2,1604914632487:dfc5f90c-8584-4110-b70b-e73e66235b2d,0,True,EmptyObject,EmptyObject,clear,none,No,0,True,EmptyObject,EmptyObject,CTOR,none
1848,1604914632487:552bbb75-70a1-48c5-bf1e-0e153a69fcca,1604914632487:f6e10eac-3437-4bb8-9e94-085f5a636cc1,0,True,EmptyObject,EmptyObject,clear,none,No,0,True,EmptyObject,EmptyObject,CTOR,none
1860,1604914632479:6c36898f-7b2f-4a80-9216-714edd473659,1604914632479:42e3dfb1-b0f3-49d6-ba29-4cbcb03fb3a9,0,True,EmptyObject,EmptyObject,clear,none,No,0,True,EmptyObject,EmptyObject,CTOR,none
1863,1604914632479:5431364b-b3ad-4130-b319-e2922b014033,1604914632479:4258597b-d5a4-4b33-84b5-afbb084bc499,0,True,EmptyObject,EmptyObject,clear,none,No,0,True,EmptyObject,EmptyObject,CTOR,none
1868,1604914632478:337c74df-104b-44ce-9c47-9db007cf238e,1604914632478:ddb7edb0-f214-4280-a2b6-e7c726ded0f3,0,True,EmptyObject,EmptyObject,clear,none,No,0,True,EmptyObject,EmptyObject,CTOR,none
1879,1604914632476:36f91d43-e5b3-426b-8cfc-735d6353c371,1604914632476:4f03ebfe-2cba-42c4-965c-c77d53b54bf5,0,True,EmptyObject,EmptyObject,clear,none,No,0,True,EmptyObject,EmptyObject,CTOR,none
1886,1604914632474:d612588e-179b-443d-834d-6c9a51171b66,1604914632474:35315e72-b9ce-428d-babe-0aad68e51be7,0,True,EmptyObject,EmptyObject,clear,none,No,0,True,EmptyObject,EmptyObject,CTOR,none
1896,1604914632473:5a7fce88-3301-44ea-8e6b-c6eb217e6924,1604914632473:4630ebb6-c6f7-4c8a-be05-c190e311e6f5,0,True,EmptyObject,EmptyObject,clear,none,No,0,True,EmptyObject,EmptyObject,CTOR,none
1899,1604914632472:d37d0a63-8aee-46fc-a6fa-53a0b403b9d6,1604914632472:a8bd5a02-c69d-457a-b13f-2e45bba34928,0,True,EmptyObject,EmptyObject,clear,none,No,0,True,EmptyObject,EmptyObject,CTOR,none
1904,1604914632471:f3adf636-87a9-4946-b8ef-74a6d6f0bc58,1604914632471:2c67e40c-c389-4b03-ac9c-d7e94064c7f1,0,True,EmptyObject,EmptyObject,clear,none,No,0,True,EmptyObject,EmptyObject,CTOR,none
1914,1604914632470:3c7ea96b-f175-494d-bb89-9b967307182c,1604914632470:3b7f919b-d061-47ba-a315-0a582fe0c455,0,True,EmptyObject,EmptyObject,clear,none,No,0,True,EmptyObject,EmptyObject,CTOR,none
1940,1604914632461:4da18302-e971-4188-956e-895961a1aafc,1604914632461:bae2198a-c8e1-476b-bd22-e96b713003f4,0,True,EmptyObject,EmptyObject,clear,none,No,0,True,EmptyObject,EmptyObject,CTOR,none
1943,1604914632460:ea7cc9ac-d2fb-4399-999b-a94f53dfba00,1604914632460:4ce9da5b-7831-40f8-9eb9-937bd10e99fa,0,True,EmptyObject,EmptyObject,clear,none,No,0,True,EmptyObject,EmptyObject,CTOR,none
1945,1604914632460:accf5ec2-19ac-4ae4-82d1-feb7e1bb36ef,1604914632460:bc88bf79-87f4-49c4-ad9d-0b3935777738,0,True,EmptyObject,EmptyObject,clear,none,No,0,True,EmptyObject,EmptyObject,CTOR,none
1947,1604914632460:4dfe2d98-8ca4-4b6a-808c-e73e95a1119e,1604914632460:0b81034a-0488-4595-ba05-5011b70d24dd,0,True,EmptyObject,EmptyObject,clear,none,No,0,True,EmptyObject,EmptyObject,CTOR,none
1950,1604914632459:8c3045a8-0a1d-484a-8e75-0dbbc9858a6c,1604914632459:6b7df9ba-34d2-43dd-b454-d13197071482,0,True,EmptyObject,EmptyObject,clear,none,No,0,True,EmptyObject,EmptyObject,CTOR,none
1953,1604914632459:12666914-9554-432a-89ac-974f31268a44,1604914632459:e4fa8afa-22c2-4a22-a993-e006eb648d45,0,True,EmptyObject,EmptyObject,clear,none,No,0,True,EmptyObject,EmptyObject,CTOR,none
1955,1604914632458:ecefe49d-ba82-4559-9e9f-d2da7847f881,1604914632458:a03ef8a2-1e60-4f13-97dd-f9b112b45751,0,True,EmptyObject,EmptyObject,clear,none,No,0,True,EmptyObject,EmptyObject,CTOR,none
1973,1604914632454:77e05ee1-c6c4-4773-9d4c-c4789cf5d6d4,1604914632454:241448bd-4819-4c3a-bac3-1db45ea483a3,0,True,EmptyObject,EmptyObject,clear,none,No,0,True,EmptyObject,EmptyObject,CTOR,none
1976,1604914632452:a7e0a7b6-cf3e-4c27-81bc-583ccdf93d67,1604914632452:21f8f6f9-7e70-4e12-b258-570d07c3cd17,0,True,EmptyObject,EmptyObject,clear,none,No,0,True,EmptyObject,EmptyObject,CTOR,none
1982,1604914632448:76c011a8-c4d3-49cb-8580-af3b0464e3dc,1604914632448:b5659584-6f1b-476c-be54-0acd1bd18c43,0,True,EmptyObject,EmptyObject,clear,none,No,0,True,EmptyObject,EmptyObject,CTOR,none
1990,1604914632446:3b5be05a-4012-41da-acf6-cbb81afbac6f,1604914632446:ff2ef562-e7b7-4590-be00-909e6449d560,0,True,EmptyObject,EmptyObject,clear,none,No,0,True,EmptyObject,EmptyObject,CTOR,none
1997,1604914632443:8f7982b6-2192-4fee-9bfb-b5340df2ca1f,1604914632443:88101445-6e9d-42a8-8a5b-5259d90e9b32,0,True,EmptyObject,EmptyObject,clear,none,No,0,True,EmptyObject,EmptyObject,CTOR,none
2008,1604914632441:1b82806c-365a-4115-8edd-6ba277113827,1604914632441:5e9e9c61-cb08-4cd8-af4d-149b8d17832e,0,True,EmptyObject,EmptyObject,clear,none,No,0,True,EmptyObject,EmptyObject,CTOR,none
2011,1604914632441:05a0133a-afb2-480b-acdd-8400d50a5d33,1604914632441:2877982f-a51a-44c8-8bfb-12e4b904c319,0,True,EmptyObject,EmptyObject,clear,none,No,0,True,EmptyObject,EmptyObject,CTOR,none
2017,1604914632433:4cb66ada-e29e-44ab-9cfa-680cf4a36466,1604914632433:cc8f2048-7d66-4fda-bde7-eeffda515d10,0,True,EmptyObject,EmptyObject,clear,none,No,0,True,EmptyObject,EmptyObject,CTOR,none
2020,1604914632432:a72a64b9-9951-447f-8c44-01d8620934c6,1604914632432:96874f67-2d98-4a11-8126-d091a232b36b,0,True,EmptyObject,EmptyObject,clear,none,No,0,True,EmptyObject,EmptyObject,CTOR,none
2023,1604914632432:5020a425-4302-447a-95d0-3c38b66ae405,1604914632432:655a3cf3-ee63-466b-8806-2ea01601fe2f,0,True,EmptyObject,EmptyObject,clear,none,No,0,True,EmptyObject,EmptyObject,CTOR,none
2025,1604914632432:128e746b-1e21-422b-bdbb-8c7771ecb5e6,1604914632432:f948ba6b-b8e8-4e38-8388-294ab4ee5e1e,0,True,EmptyObject,EmptyObject,clear,none,No,0,True,EmptyObject,EmptyObject,CTOR,none
2036,1604914632430:29a23414-1b77-4a17-a785-c294cc955a27,1604914632430:80f1e72d-2e29-4be5-add7-afb5c40e96dd,0,True,EmptyObject,EmptyObject,clear,none,No,0,True,EmptyObject,EmptyObject,CTOR,none
2041,1604914632429:5618e3ac-215b-4b8a-a265-59d43676862e,1604914632429:b2f4e97e-fefc-4789-9631-278028b9505a,0,True,EmptyObject,EmptyObject,clear,none,No,0,True,EmptyObject,EmptyObject,CTOR,none
2050,1604914632427:0f964b8c-ee04-462c-b1ad-61d054376ab3,1604914632427:ae742343-6c05-4b72-be99-3841b6140eb2,0,True,EmptyObject,EmptyObject,clear,none,No,0,True,EmptyObject,EmptyObject,CTOR,none
2066,1604914632424:c69a57c5-2e1a-43bc-b24d-114fa8fe6144,1604914632424:d36d2dfa-4678-4bf0-a56c-f583cb225af7,0,True,EmptyObject,EmptyObject,clear,none,No,0,True,EmptyObject,EmptyObject,CTOR,none
2069,1604914632424:1542501c-b1b7-4a47-94ee-03e39529b5d2,1604914632424:1a52dd62-0a45-4812-a66a-ab5e6a2d81a4,0,True,EmptyObject,EmptyObject,clear,none,No,0,True,EmptyObject,EmptyObject,CTOR,none
2071,1604914632424:0c876e8d-c85c-4d91-acb1-2e69256ff312,1604914632424:d8c68330-e06f-41da-8a3f-5127a595c230,0,True,EmptyObject,EmptyObject,clear,none,No,0,True,EmptyObject,EmptyObject,CTOR,none
2073,1604914632423:cec1c5ca-f828-4614-87f4-86c14658f50e,1604914632423:39d04571-652c-4038-9b3b-156e5e182e2c,0,True,EmptyObject,EmptyObject,clear,none,No,0,True,EmptyObject,EmptyObject,CTOR,none
2076,1604914632423:b24f91b1-7d4d-4351-85cb-e2637872a753,1604914632423:23e651a5-fee0-4277-a1fe-fefe73e55e36,0,True,EmptyObject,EmptyObject,clear,none,No,0,True,EmptyObject,EmptyObject,CTOR,none
2082,1604914632422:3d29a41f-892b-471d-9f5a-941edf484dba,1604914632422:d814ee94-de15-4735-aa1b-66855207bcee,0,True,EmptyObject,EmptyObject,clear,none,No,0,True,EmptyObject,EmptyObject,CTOR,none
2101,1604914632417:5b083d7f-0070-4f33-8107-e40fd4fa3821,1604914632417:8a4a8cae-68f9-48f4-a2dc-fe96bd6d136a,0,True,EmptyObject,EmptyObject,clear,none,No,0,True,EmptyObject,EmptyObject,CTOR,none
2103,1604914632417:22725ca3-1d5a-492b-9381-d2d6251d8bf4,1604914632417:2294409e-f5f0-47cb-89e7-f9762e75193c,0,True,EmptyObject,EmptyObject,clear,none,No,0,True,EmptyObject,EmptyObject,CTOR,none
2107,1604914632416:4350feb6-e39f-4886-a455-a0e4ed2480a0,1604914632416:caf7eb14-931d-42ca-98de-c370c954c9a2,0,True,EmptyObject,EmptyObject,clear,none,No,0,True,EmptyObject,EmptyObject,CTOR,none
2115,1604914632415:16a6685c-89ae-495d-9508-df1ae8dcdb7f,1604914632415:26623b3d-512d-41e3-a6d5-fd4fd7899e31,0,True,EmptyObject,EmptyObject,clear,none,No,0,True,EmptyObject,EmptyObject,CTOR,none
2127,1604914632411:99b0007d-992c-40c3-923e-2fc18cdde56c,1604914632411:cca114db-96be-4724-b366-14a9eafab620,0,True,EmptyObject,EmptyObject,clear,none,No,0,True,EmptyObject,EmptyObject,CTOR,none
2132,1604914632410:c6ea93f8-d684-4cbc-a20f-ecbf97281720,1604914632410:d63e34e9-8b0c-41ec-a9df-ebc2263b2978,0,True,EmptyObject,EmptyObject,clear,none,No,0,True,EmptyObject,EmptyObject,CTOR,none
2134,1604914632410:abf9986e-2d09-4de0-a943-95c45321d38f,1604914632410:85360e43-2b3f-4bd8-82da-81a3b01589a1,0,True,EmptyObject,EmptyObject,clear,none,No,0,True,EmptyObject,EmptyObject,CTOR,none
2138,1604914632409:9687871d-19c7-4ae0-92ea-326cd4077029,1604914632409:3248db98-e041-41fc-a937-643909421b43,0,True,EmptyObject,EmptyObject,clear,none,No,0,True,EmptyObject,EmptyObject,CTOR,none
2143,1604914632405:2caf5878-4879-427d-b4a5-a597b5aec3d4,1604914632405:a83c62b5-bdf4-411f-a169-6a128c09c61e,0,True,EmptyObject,EmptyObject,clear,none,No,0,True,EmptyObject,EmptyObject,CTOR,none
2146,1604914632402:76e2554b-41d5-4288-9423-865ba5939c7b,1604914632402:7a38ba5f-471d-4483-8182-f46f46ab0411,0,True,EmptyObject,EmptyObject,clear,none,No,0,True,EmptyObject,EmptyObject,CTOR,none
2148,1604914632401:113c516d-de41-4e5a-8d05-0940c2329e11,1604914632401:5d659113-89f7-4abc-ba28-e913293c3eed,0,True,EmptyObject,EmptyObject,clear,none,No,0,True,EmptyObject,EmptyObject,CTOR,none
2155,1604914632398:0f88708a-b242-41d1-b5d6-73cbdec9938a,1604914632398:2ed90a90-5f64-4da8-949d-6c5d39187564,0,True,EmptyObject,EmptyObject,clear,none,No,0,True,EmptyObject,EmptyObject,CTOR,none
2161,1604914632396:1a373a85-d4bf-442d-a1e9-d545f102fa78,1604914632396:a39509ad-1ab6-4d72-84f3-dca546c69032,0,True,EmptyObject,EmptyObject,clear,none,No,0,True,EmptyObject,EmptyObject,CTOR,none
2163,1604914632395:ecd67683-dfb3-4116-a63b-b9e8bcfd8f2a,1604914632395:a55dee3e-6574-4d43-ab9f-da07c7bd38ae,0,True,EmptyObject,EmptyObject,clear,none,No,0,True,EmptyObject,EmptyObject,CTOR,none
2165,1604914632395:cdce8e4d-d6ae-45ac-9060-80723795d15b,1604914632395:32f3230c-36b6-447d-ac4e-17b0f6a18538,0,True,EmptyObject,EmptyObject,clear,none,No,0,True,EmptyObject,EmptyObject,CTOR,none
2177,1604914632392:ee93f3d5-96aa-4571-b99a-0441217491dc,1604914632392:9c14090d-f87a-407b-991e-a3305a4d238e,0,True,EmptyObject,EmptyObject,clear,none,No,0,True,EmptyObject,EmptyObject,CTOR,none
2179,1604914632392:e80bab74-4246-4293-ada6-a5f28eced9d7,1604914632392:62c81acc-b869-4999-bcb1-efc79596ab1e,0,True,EmptyObject,EmptyObject,clear,none,No,0,True,EmptyObject,EmptyObject,CTOR,none
2184,1604914632391:3dc96427-7d05-4efa-aed4-684053cff7af,1604914632391:fba24897-3b7b-4c87-af77-9e57f3b791e2,0,True,EmptyObject,EmptyObject,clear,none,No,0,True,EmptyObject,EmptyObject,CTOR,none
2186,1604914632391:3ca87040-3083-4fdd-96a0-3fefe4991e7d,1604914632391:a0581c7c-6c68-41e3-885a-d6e28a05935f,0,True,EmptyObject,EmptyObject,clear,none,No,0,True,EmptyObject,EmptyObject,CTOR,none
2199,1604914632386:07e66f55-b09a-47f1-b164-6d15ceb3cf81,1604914632386:8d18bec3-bc95-4782-b975-c6f0004d782b,0,True,EmptyObject,EmptyObject,clear,none,No,0,True,EmptyObject,EmptyObject,CTOR,none
2203,1604914632385:6cb7e7a7-4606-4137-8bb4-4a286ccc742a,1604914632385:177214be-7bda-4901-8d2f-33e71238e632,0,True,EmptyObject,EmptyObject,clear,none,No,0,True,EmptyObject,EmptyObject,CTOR,none
2206,1604914632385:429abf39-1a87-4c96-9a28-d5896a3602f2,1604914632385:e8f6da6c-fa6f-44b6-99f8-704c8aa42bcf,0,True,EmptyObject,EmptyObject,clear,none,No,0,True,EmptyObject,EmptyObject,CTOR,none
2208,1604914632384:e330c188-237f-4e20-a4ae-650cbc856e69,1604914632384:83b2d7f0-61d3-4a55-9f8b-386813178d7b,0,True,EmptyObject,EmptyObject,clear,none,No,0,True,EmptyObject,EmptyObject,CTOR,none
2212,1604914632384:0c4b49b4-c545-418b-b61f-38b5a8179bee,1604914632384:30839df0-ce08-4fea-8ecf-d4ca94ed6078,0,True,EmptyObject,EmptyObject,clear,none,No,0,True,EmptyObject,EmptyObject,CTOR,none
2216,1604914632383:f05b54fc-1de7-489a-a094-39151117fda3,1604914632383:a4ea700b-b0ff-490c-838a-cf04174a0c67,0,True,EmptyObject,EmptyObject,clear,none,No,0,True,EmptyObject,EmptyObject,CTOR,none
2219,1604914632383:aa11a790-0cc0-427e-8dc5-541817b402f5,1604914632383:fc6700f1-00bb-4f96-a491-eee4171e9812,0,True,EmptyObject,EmptyObject,clear,none,No,0,True,EmptyObject,EmptyObject,CTOR,none
2221,1604914632383:25c81f8c-d7b8-4821-a084-571654a03fcc,1604914632383:54af6c0b-3808-46e8-9234-7b59dde70ede,0,True,EmptyObject,EmptyObject,clear,none,No,0,True,EmptyObject,EmptyObject,CTOR,none
2225,1604914632382:3b7a7943-564b-4962-9891-93e57c995bb7,1604914632382:10c85e0b-b7b8-42d2-9b92-a1e33c1ef739,0,True,EmptyObject,EmptyObject,clear,none,No,0,True,EmptyObject,EmptyObject,CTOR,none
2227,1604914632382:1f633bc6-0d6c-4114-918e-794c7eb63f81,1604914632382:2484a3e2-1927-47ed-a9e8-4d8b168dada0,0,True,EmptyObject,EmptyObject,clear,none,No,0,True,EmptyObject,EmptyObject,CTOR,none
2229,1604914632381:78dcb876-7602-4b4e-b7a0-afe560ae5ce1,1604914632381:6e608666-e778-468c-bc27-a15ab42f98ad,0,True,EmptyObject,EmptyObject,clear,none,No,0,True,EmptyObject,EmptyObject,CTOR,none
2232,1604914632378:c4ff71c5-af6b-442d-b056-7fe636072af3,1604914632378:1de40ae2-7261-4c8b-8dbd-a7bbdf1352f0,0,True,EmptyObject,EmptyObject,clear,none,No,0,True,EmptyObject,EmptyObject,CTOR,none
2239,1604914632377:78b6a377-b821-42a9-97b0-ba51a8416175,1604914632377:eb619dbb-5782-4c4c-8962-65eba351083e,0,True,EmptyObject,EmptyObject,clear,none,No,0,True,EmptyObject,EmptyObject,CTOR,none
2255,1604914632364:42a4d535-740b-4326-98b0-28c8ae4ca54a,1604914632364:75c79a57-ac8f-4b75-bb32-4964603c00f3,0,True,EmptyObject,EmptyObject,clear,none,No,0,True,EmptyObject,EmptyObject,CTOR,none
2258,1604914632363:a2be1517-f523-452d-ab6c-ffa59c7f1eb6,1604914632363:118e3b05-6fa6-4931-a95c-917c26351f00,0,True,EmptyObject,EmptyObject,clear,none,No,0,True,EmptyObject,EmptyObject,CTOR,none
2264,1604914632362:6814889c-e9d5-4273-be90-59d177cd7056,1604914632362:d8854715-2839-42f8-9c53-f5bf6930e11d,0,True,EmptyObject,EmptyObject,clear,none,No,0,True,EmptyObject,EmptyObject,CTOR,none
2269,1604914632361:7f3a0172-d795-472c-a864-916b65391b06,1604914632361:6b9fcecd-9e68-41d9-9f15-b259f55e3ae2,0,True,EmptyObject,EmptyObject,clear,none,No,0,True,EmptyObject,EmptyObject,CTOR,none
2275,1604914632360:be649fee-2947-49f9-a88d-1509d93bdaf3,1604914632360:4b912e32-3cc9-4fdf-8340-08cbb40e55fb,0,True,EmptyObject,EmptyObject,clear,none,No,0,True,EmptyObject,EmptyObject,CTOR,none
2281,1604914632359:e822e077-7c28-404f-abc1-dd6b877e5b54,1604914632359:dbd53d83-2a97-4d81-b945-126357e47bb4,0,True,EmptyObject,EmptyObject,clear,none,No,0,True,EmptyObject,EmptyObject,CTOR,none
2282,1604914632359:e822e077-7c28-404f-abc1-dd6b877e5b54,1604914632359:dbd53d83-2a97-4d81-b945-126357e47bb4,0,True,EmptyObject,EmptyObject,clear,none,No,0,True,EmptyObject,EmptyObject,clear,none
2283,1604914632359:e822e077-7c28-404f-abc1-dd6b877e5b54,1604914632359:dbd53d83-2a97-4d81-b945-126357e47bb4,0,True,EmptyObject,EmptyObject,clear,none,No,0,True,EmptyObject,EmptyObject,clear,none
2290,1604914632358:7acbc03a-8acc-4568-81e0-0b82b9b4b075,1604914632358:2e9fa333-866e-48ee-bd0c-ae185ca3e4ad,0,True,EmptyObject,EmptyObject,clear,none,No,0,True,EmptyObject,EmptyObject,CTOR,none
2295,1604914632357:7f9f6611-472a-407f-a0d7-67c18cc88c1d,1604914632357:f39aeaff-bd19-4f09-8873-0f9138aab34a,0,True,EmptyObject,EmptyObject,clear,none,No,0,True,EmptyObject,EmptyObject,CTOR,none
2299,1604914632354:647d7405-dfb5-4a2d-bc0c-2787b6ab7544,1604914632354:8de02bb5-3580-4ade-8ea3-a116059fd33b,0,True,EmptyObject,EmptyObject,clear,none,No,0,True,EmptyObject,EmptyObject,CTOR,none
2309,1604914632353:047c2f93-b048-48bc-a241-e3edcd928ee7,1604914632353:a3c78b03-f717-42b2-ae8c-bc1b3afdaefa,0,True,EmptyObject,EmptyObject,clear,none,No,0,True,EmptyObject,EmptyObject,CTOR,none
2311,1604914632353:02cd23d0-99c9-4020-92a1-53413109e8dc,1604914632353:5a417507-d659-48bf-aa06-a57dd2647e06,0,True,EmptyObject,EmptyObject,clear,none,No,0,True,EmptyObject,EmptyObject,CTOR,none
2314,1604914632352:46d63522-1b8e-44e7-be96-445a5c8ac055,1604914632352:c464b23b-89ee-4d3b-a687-547f0e5e95fe,0,True,EmptyObject,EmptyObject,clear,none,No,0,True,EmptyObject,EmptyObject,CTOR,none
2318,1604914632351:865ab591-e5ad-4774-94b0-3dc70031a0c0,1604914632351:2e36041e-0619-4799-9e71-9bb904ae31fa,0,True,EmptyObject,EmptyObject,clear,none,No,0,True,EmptyObject,EmptyObject,CTOR,none
2325,1604914632349:a1707be0-9831-456e-a810-0c6d829664ad,1604914632349:02d68055-30ac-4cb9-b241-1d0a39cfa10a,0,True,EmptyObject,EmptyObject,clear,none,No,0,True,EmptyObject,EmptyObject,CTOR,none
2333,1604914632341:d399c1d1-ad04-4b0f-bad9-04cfc88d4172,1604914632341:fb303daa-0d88-430c-8dd7-0432cc619a91,0,True,EmptyObject,EmptyObject,clear,none,No,0,True,EmptyObject,EmptyObject,CTOR,none
2336,1604914632340:cd406736-6ab7-4f1d-b136-1e0a81924c25,1604914632340:1abbbc63-4105-4482-aac7-63c2b4567efe,0,True,EmptyObject,EmptyObject,clear,none,No,0,True,EmptyObject,EmptyObject,CTOR,none
2338,1604914632340:0d953627-3cb0-4dd7-89b3-a05636dfd573,1604914632340:bf60b30b-56aa-4a05-b30e-858e0ccefbdc,0,True,EmptyObject,EmptyObject,clear,none,No,0,True,EmptyObject,EmptyObject,CTOR,none
2341,1604914632339:b5e97aca-c951-44f4-bf90-ea6dc1b22c94,1604914632339:50572318-764d-47f6-9fc0-1b8c031a1e3a,0,True,EmptyObject,EmptyObject,clear,none,No,0,True,EmptyObject,EmptyObject,CTOR,none
2342,1604914632339:b5e97aca-c951-44f4-bf90-ea6dc1b22c94,1604914632339:50572318-764d-47f6-9fc0-1b8c031a1e3a,0,True,EmptyObject,EmptyObject,clear,none,No,0,True,EmptyObject,EmptyObject,clear,none
2343,1604914632339:b5e97aca-c951-44f4-bf90-ea6dc1b22c94,1604914632339:50572318-764d-47f6-9fc0-1b8c031a1e3a,0,True,EmptyObject,EmptyObject,clear,none,No,0,True,EmptyObject,EmptyObject,clear,none
2345,1604914632339:a9cbf15e-186a-4520-abfb-cf0cdf49d316,1604914632339:f4bdbae7-5286-4d2e-a516-db9a606aeb25,0,True,EmptyObject,EmptyObject,clear,none,No,0,True,EmptyObject,EmptyObject,CTOR,none
2356,1604914632336:26910833-7742-49c2-8b88-07fd011a5fb8,1604914632336:8b77adc6-839c-4193-8509-615d5a2b2a7d,0,True,EmptyObject,EmptyObject,clear,none,No,0,True,EmptyObject,EmptyObject,CTOR,none
2378,1604914632327:4d86bb92-fac5-466d-9d7d-62d2d7eefda2,1604914632327:c9f7edf5-449b-4434-b8f8-d0e5c03367ef,0,True,EmptyObject,EmptyObject,clear,none,No,0,True,EmptyObject,EmptyObject,CTOR,none
2381,1604914632326:c2af02d8-d945-49ee-877b-748843cc2a56,1604914632326:3739dc08-e40e-4871-bfaf-f45b9dc8572f,0,True,EmptyObject,EmptyObject,clear,none,No,0,True,EmptyObject,EmptyObject,CTOR,none
2384,1604914632325:81cad92d-7bdf-4354-807f-171c9b2c8750,1604914632325:89c2cbe9-a541-4d36-a443-c63769abeb47,0,True,EmptyObject,EmptyObject,clear,none,No,0,True,EmptyObject,EmptyObject,CTOR,none
2386,1604914632324:38737254-7079-4be4-a219-9fb8d2c3e850,1604914632324:64e5a009-1ccd-40ca-8991-418f0e4d4be8,0,True,EmptyObject,EmptyObject,clear,none,No,0,True,EmptyObject,EmptyObject,CTOR,none
2393,1604914632322:bb813601-e739-40d0-93b1-c696107d9cc6,1604914632323:c9a7d829-4d5f-4af4-bb4e-2f34afef548b,0,True,EmptyObject,EmptyObject,clear,none,No,0,True,EmptyObject,EmptyObject,CTOR,none
2410,1604914632317:3a9752ec-4807-4019-bd18-7b869e986777,1604914632317:450cf364-5726-4d23-8296-9a79f83ca3a7,0,True,EmptyObject,EmptyObject,clear,none,No,0,True,EmptyObject,EmptyObject,CTOR,none
2412,1604914632316:c98d969c-b383-436c-b7cb-1269d95a4817,1604914632316:a2ac5ea4-2781-4a13-9f55-c438ed507afe,0,True,EmptyObject,EmptyObject,clear,none,No,0,True,EmptyObject,EmptyObject,CTOR,none
2414,1604914632316:b71d67e5-650d-427c-9ab4-5e970bd3ae0c,1604914632316:ecc416e8-3e87-4d91-bc76-aed1adb00823,0,True,EmptyObject,EmptyObject,clear,none,No,0,True,EmptyObject,EmptyObject,CTOR,none
2416,1604914632316:7a6e77db-f1d1-4b33-b795-3bf7e8c609db,1604914632316:e775ded5-d874-49f5-b3e3-0ab7a7b450da,0,True,EmptyObject,EmptyObject,clear,none,No,0,True,EmptyObject,EmptyObject,CTOR,none
2427,1604914632309:39854919-e415-4ccf-ae37-b2d85d6f2a1c,1604914632309:0d439720-afc0-44ec-8b24-98dc5ca7d02e,0,True,EmptyObject,EmptyObject,clear,none,No,0,True,EmptyObject,EmptyObject,CTOR,none
2438,1604914632306:47283a5b-4193-43ad-b71d-918cf7872ebb,1604914632306:ac7e176c-5ee0-48dd-96a7-94fb518e6d81,0,True,EmptyObject,EmptyObject,clear,none,No,0,True,EmptyObject,EmptyObject,CTOR,none
2444,1604914632304:52132758-135d-458d-b86b-b9f4c5c565a6,1604914632304:de7ffe94-5274-4de1-afdf-381718c483d2,0,True,EmptyObject,EmptyObject,clear,none,No,0,True,EmptyObject,EmptyObject,CTOR,none
2456,1604914632293:73b6b6e4-5d31-44a0-b246-df39a411260c,1604914632293:9f2f1257-d505-41a4-9ff3-82e5b37941c5,0,True,EmptyObject,EmptyObject,clear,none,No,0,True,EmptyObject,EmptyObject,CTOR,none
2462,1604914632292:00003b6d-c341-44ed-b6c3-bc7141fe71ae,1604914632292:031c1e7b-3b83-42a3-8923-022f6cb60aa7,0,True,EmptyObject,EmptyObject,clear,none,No,0,True,EmptyObject,EmptyObject,CTOR,none
2468,1604914632290:3b5fdf1a-0fa3-4a17-a546-36e131c73040,1604914632290:29e6e8bd-b9b5-4da5-a54c-68d9b3b7c1dc,0,True,EmptyObject,EmptyObject,clear,none,No,0,True,EmptyObject,EmptyObject,CTOR,none
2473,1604914632289:893f1cd9-f371-42fa-b252-d4b5c310eacc,1604914632289:6562019b-1536-416f-bd33-896d9ecfb650,0,True,EmptyObject,EmptyObject,clear,none,No,0,True,EmptyObject,EmptyObject,CTOR,none
2475,1604914632289:4f347fe5-0423-4c90-bc1d-9cfbfc39740a,1604914632289:03aecfa2-1bbc-426f-b7d3-f6f2a00af96b,0,True,EmptyObject,EmptyObject,clear,none,No,0,True,EmptyObject,EmptyObject,CTOR,none
2481,1604914632288:2fc1a1f7-0bd2-4924-a67a-b020da029b51,1604914632288:6167afe9-42f0-4e14-9422-d6cccb10045d,0,True,EmptyObject,EmptyObject,clear,none,No,0,True,EmptyObject,EmptyObject,CTOR,none
2487,1604914632285:5ac1b511-0fe2-4919-afbf-9a8f61b67a9c,1604914632285:3a9f0976-f954-4624-b27e-7895a18398c4,0,True,EmptyObject,EmptyObject,clear,none,No,0,True,EmptyObject,EmptyObject,CTOR,none
2489,1604914632285:013ef117-3961-4144-8969-29bad3b95213,1604914632285:fa354e57-9b7e-4c19-ad71-3c6c8bbb6f12,0,True,EmptyObject,EmptyObject,clear,none,No,0,True,EmptyObject,EmptyObject,CTOR,none
2497,1604914632278:2a51322e-2b65-468e-b9ba-ae5be2e13c32,1604914632278:7c9b7a17-8f5e-4e88-8f97-9574fff79267,0,True,EmptyObject,EmptyObject,clear,none,No,0,True,EmptyObject,EmptyObject,CTOR,none
2501,1604914632277:4311f95d-7e8a-4198-b605-8ed254b4326e,1604914632277:f9716ba0-6621-4372-9939-5b3770d2861a,0,True,EmptyObject,EmptyObject,clear,none,No,0,True,EmptyObject,EmptyObject,CTOR,none
2510,1604914632274:25385640-9007-4c74-a772-2c7ca41f758a,1604914632274:10915f64-0d0d-42ac-b1a9-69225b85b91c,0,True,EmptyObject,EmptyObject,clear,none,No,0,True,EmptyObject,EmptyObject,CTOR,none
2518,1604914632271:e4ff2bd7-8037-4b44-b26e-47c2ced02267,1604914632271:6c8fbeb6-63ce-448f-844d-3ce0a20b9d34,0,True,EmptyObject,EmptyObject,clear,none,No,0,True,EmptyObject,EmptyObject,CTOR,none
2526,1604914632268:f4559686-103d-4343-97ee-5989a020688c,1604914632268:3e0089e9-a46d-42be-910c-786cd5110f65,0,True,EmptyObject,EmptyObject,clear,none,No,0,True,EmptyObject,EmptyObject,CTOR,none
2529,1604914632262:152a491f-4631-4d4b-8824-e1e7f59d46fd,1604914632263:2da699c2-c7e0-4631-980a-742fb506a9a1,0,True,EmptyObject,EmptyObject,clear,none,No,0,True,EmptyObject,EmptyObject,CTOR,none
2531,1604914632261:c9bbbc8b-1f68-4e28-af1e-ba2277767f90,1604914632261:6f8309ba-9baf-4c46-9738-667215907a13,0,True,EmptyObject,EmptyObject,clear,none,No,0,True,EmptyObject,EmptyObject,CTOR,none
2534,1604914632260:75ad9a80-c598-47f1-b889-9e5cecd6d5e0,1604914632260:926a5780-797d-45c2-ad37-2091538cff99,0,True,EmptyObject,EmptyObject,clear,none,No,0,True,EmptyObject,EmptyObject,CTOR,none
2537,1604914632259:8765b0fe-06dc-4787-9362-9ec87e5659e7,1604914632259:b9d78888-bf2e-4c66-a06b-f52ba0726a06,0,True,EmptyObject,EmptyObject,clear,none,No,0,True,EmptyObject,EmptyObject,CTOR,none
2539,1604914632259:2c7f8cc9-5fe3-44a8-b4d6-49b1f585a0f3,1604914632259:ce717067-46be-4be8-8c6b-e8f9d4b3515a,0,True,EmptyObject,EmptyObject,clear,none,No,0,True,EmptyObject,EmptyObject,CTOR,none
2541,1604914632259:28319051-2bea-471c-813d-393fec9529a9,1604914632259:0a2b5b7d-9d7f-4708-87f1-ba677b388098,0,True,EmptyObject,EmptyObject,clear,none,No,0,True,EmptyObject,EmptyObject,CTOR,none
2545,1604914632257:ee21cf81-c08b-4ddd-a374-ad86e7af9abd,1604914632257:0dbb59da-6bd7-4b1c-980f-5ab3da34c726,0,True,EmptyObject,EmptyObject,clear,none,No,0,True,EmptyObject,EmptyObject,CTOR,none
2550,1604914632256:6f3ac157-2474-4816-a949-e192699bb380,1604914632256:f937f9b9-e988-4d62-9dbb-01475e0b86fe,0,True,EmptyObject,EmptyObject,clear,none,No,0,True,EmptyObject,EmptyObject,CTOR,none
2554,1604914632255:0d4f98b4-3039-4a75-9cf8-f729e5a33ccd,1604914632255:fb778eb5-dd8c-44be-9c65-82cc5ed3b337,0,True,EmptyObject,EmptyObject,clear,none,No,0,True,EmptyObject,EmptyObject,CTOR,none
2569,1604914632240:4a2799a6-a737-4c49-930e-4d808c289af2,1604914632240:38860c80-c103-4b5d-b4d1-f6daa91664e2,0,True,EmptyObject,EmptyObject,clear,none,No,0,True,EmptyObject,EmptyObject,CTOR,none
2571,1604914632239:adb5064f-cc20-4c52-8fda-920648748af3,1604914632239:6f028c1b-3f04-4a58-9f04-b4d8a8645ba2,0,True,EmptyObject,EmptyObject,clear,none,No,0,True,EmptyObject,EmptyObject,CTOR,none
2573,1604914632239:6b64f04d-bc10-4334-8b55-22c80230ca26,1604914632239:e6094868-7e5b-4441-ba71-ec642ee53c1f,0,True,EmptyObject,EmptyObject,clear,none,No,0,True,EmptyObject,EmptyObject,CTOR,none
2580,1604914632235:7de9ee03-7ef2-4a1c-b31a-d8a82a729ae2,1604914632235:14d340ac-fd4d-40bd-932c-af22bbfa970c,0,True,EmptyObject,EmptyObject,clear,none,No,0,True,EmptyObject,EmptyObject,CTOR,none
2582,1604914632234:e898987b-9011-4620-b2d9-cb5c07be5dc8,1604914632234:81b519e5-2378-4117-978c-aa1acffb8063,0,True,EmptyObject,EmptyObject,clear,none,No,0,True,EmptyObject,EmptyObject,CTOR,none
2597,1604914632225:f80edf3a-842c-48c4-982a-925e25c72b51,1604914632225:24b8676c-bddc-4286-88f5-885e5826f0e8,0,True,EmptyObject,EmptyObject,clear,none,No,0,True,EmptyObject,EmptyObject,CTOR,none
2599,1604914632225:12c64792-a123-46f9-b68e-0bbfbda45eee,1604914632225:4847bee3-fd10-42d9-b54d-01f2db3e2b46,0,True,EmptyObject,EmptyObject,clear,none,No,0,True,EmptyObject,EmptyObject,CTOR,none
2606,1604914632222:13f45859-70d1-4643-909e-169e075b6d76,1604914632222:4f1053e8-c32a-456d-bc5a-31002c3e73aa,0,True,EmptyObject,EmptyObject,clear,none,No,0,True,EmptyObject,EmptyObject,CTOR,none
2613,1604914632215:19cb25b9-4184-4824-b789-3b3738b94549,1604914632215:b2e72886-4ee6-4a30-bc9d-c3a2f4909bab,0,True,EmptyObject,EmptyObject,clear,none,No,0,True,EmptyObject,EmptyObject,CTOR,none
2617,1604914632213:abb5aaa7-5fc7-4c52-bd1e-ed917c6e7b08,1604914632213:544b5dff-ae66-49da-9b30-776ef86ad9ab,0,True,EmptyObject,EmptyObject,pop,none,No,0,True,EmptyObject,EmptyObject,CTOR,none
2623,1604914632211:0b467d72-a7cf-4746-8e1c-cc53aba6ca71,1604914632211:d672cf1c-b95b-45df-b462-6188e1b773e3,0,True,EmptyObject,EmptyObject,clear,none,No,0,True,EmptyObject,EmptyObject,CTOR,none
2626,1604914632210:5e62ff3d-1584-4c55-86c8-3540c4dc33a9,1604914632210:68778e04-603a-441b-9fd6-7e6dbfe182d5,0,True,EmptyObject,EmptyObject,clear,none,No,0,True,EmptyObject,EmptyObject,CTOR,none
2635,1604914632207:2daa66f5-27a7-4a4c-a67e-e7fbc4ecd527,1604914632207:cedd44ac-a7b9-4da3-83ac-fe6c1464d1f6,0,True,EmptyObject,EmptyObject,clear,none,No,0,True,EmptyObject,EmptyObject,CTOR,none
2638,1604914632205:86896a7c-8fc0-4dfc-ba23-bd070721a689,1604914632205:dce83bc1-e934-4bf7-a8af-474214897ba2,0,True,EmptyObject,EmptyObject,clear,none,No,0,True,EmptyObject,EmptyObject,CTOR,none
2642,1604914632204:c5da645d-07dd-46e3-88d1-909a6e9888d8,1604914632204:7c766a33-562e-44b5-8717-5896114b46f8,0,True,EmptyObject,EmptyObject,clear,none,No,0,True,EmptyObject,EmptyObject,CTOR,none
2643,1604914632204:c5da645d-07dd-46e3-88d1-909a6e9888d8,1604914632204:7c766a33-562e-44b5-8717-5896114b46f8,0,True,EmptyObject,EmptyObject,clear,none,No,0,True,EmptyObject,EmptyObject,clear,none
2644,1604914632204:c5da645d-07dd-46e3-88d1-909a6e9888d8,1604914632204:7c766a33-562e-44b5-8717-5896114b46f8,0,True,EmptyObject,EmptyObject,pop,none,No,0,True,EmptyObject,EmptyObject,clear,none
2649,1604914632203:9f3b8506-7cfd-40b0-9d84-bed529eabcad,1604914632203:59433176-7abc-450e-9542-700387dead97,0,True,EmptyObject,EmptyObject,clear,none,No,0,True,EmptyObject,EmptyObject,CTOR,none
2651,1604914632202:edddf470-4868-4795-98a1-5392f79dfd54,1604914632202:468f9220-de92-497e-9e70-102cd280dec3,0,True,EmptyObject,EmptyObject,clear,none,No,0,True,EmptyObject,EmptyObject,CTOR,none
2652,1604914632202:edddf470-4868-4795-98a1-5392f79dfd54,1604914632202:468f9220-de92-497e-9e70-102cd280dec3,0,True,EmptyObject,EmptyObject,pop,none,No,0,True,EmptyObject,EmptyObject,clear,none
